use SecondChanceDB;

-- Managers 
INSERT INTO Manager(first_name,last_name,phone,email1,email2,email3,job_title,reportsTo) VALUES ('Nicko','Vaggs','968-401-5174','nvaggs0@phoca.cz','nvaggs0@goodreads.com','nvaggs0@blinklist.com','Web Designer IV',1);
INSERT INTO Manager(first_name,last_name,phone,email1,email2,email3,job_title,reportsTo) VALUES ('Norton','Westcar','240-912-4225','nwestcar1@house.gov','nwestcar1@gizmodo.com','nwestcar1@ycombinator.com','Accounting Assistant I',1);
INSERT INTO Manager(first_name,last_name,phone,email1,email2,email3,job_title,reportsTo) VALUES ('Alick','Rosenqvist','480-970-9491','arosenqvist2@dot.gov','arosenqvist2@elegantthemes.com','arosenqvist2@kickstarter.com','Senior Sales Associate',2);
INSERT INTO Manager(first_name,last_name,phone,email1,email2,email3,job_title,reportsTo) VALUES ('Odetta','Smallthwaite','721-327-9108','osmallthwaite3@fc2.com','osmallthwaite3@ustream.tv','osmallthwaite3@i2i.jp','Financial Analyst',3);
INSERT INTO Manager(first_name,last_name,phone,email1,email2,email3,job_title,reportsTo) VALUES ('Dotty','Keavy','399-722-2518','dkeavy4@unesco.org','dkeavy4@google.com.br','dkeavy4@ted.com','Software Test Engineer I',4);
INSERT INTO Manager(first_name,last_name,phone,email1,email2,email3,job_title,reportsTo) VALUES ('Isiahi','Lechmere','628-574-1957','ilechmere5@ihg.com','ilechmere5@cargocollective.com','ilechmere5@shareasale.com','Senior Cost Accountant',5);
INSERT INTO Manager(first_name,last_name,phone,email1,email2,email3,job_title,reportsTo) VALUES ('Rena','Ruprechter','293-430-8676','rruprechter6@businessweek.com','rruprechter6@patch.com','rruprechter6@fema.gov','Compensation Analyst', 6);
INSERT INTO Manager(first_name,last_name,phone,email1,email2,email3,job_title,reportsTo) VALUES ('Izabel','Cullrford','185-619-7007','icullrford7@fastcompany.com','icullrford7@wufoo.com','icullrford7@wordpress.com','Paralegal', 7);
INSERT INTO Manager(first_name,last_name,phone,email1,email2,email3,job_title,reportsTo) VALUES ('Georgia','Hachette','175-360-9955','ghachette8@sina.com.cn','ghachette8@pcworld.com','ghachette8@bloglovin.com','Programmer Analyst III', 8);
INSERT INTO Manager(first_name,last_name,phone,email1,email2,email3,job_title,reportsTo) VALUES ('Lissy','Grady','456-759-8506','lgrady9@umich.edu','lgrady9@bloglines.com','lgrady9@w3.org','Food Chemist', 9);
INSERT INTO Manager(first_name,last_name,phone,email1,email2,email3,job_title,reportsTo) VALUES ('Abel','Prinnett','217-495-1955','aprinnetta@nbcnews.com','aprinnetta@homestead.com','aprinnetta@intel.com','Business Systems Development Analyst', 10);
INSERT INTO Manager(first_name,last_name,phone,email1,email2,email3,job_title,reportsTo) VALUES ('Sheela','Dilnot','349-510-2522','sdilnotb@joomla.org','sdilnotb@weebly.com','sdilnotb@dedecms.com','Human Resources Manager',11);
INSERT INTO Manager(first_name,last_name,phone,email1,email2,email3,job_title,reportsTo) VALUES ('Lewiss','Jertz','629-888-6727','ljertzc@opensource.org','ljertzc@creativecommons.org','ljertzc@ustream.tv','Cost Accountant',12);
INSERT INTO Manager(first_name,last_name,phone,email1,email2,email3,job_title,reportsTo) VALUES ('Murielle','Staples','694-941-5198','mstaplesd@edublogs.org','mstaplesd@issuu.com','mstaplesd@mapquest.com','Account Executive',3);
INSERT INTO Manager(first_name,last_name,phone,email1,email2,email3,job_title,reportsTo) VALUES ('Axe','Thorns','836-564-3296','athornse@mtv.com','athornse@huffingtonpost.com','athornse@wunderground.com','Internal Auditor',10);
INSERT INTO Manager(first_name,last_name,phone,email1,email2,email3,job_title,reportsTo) VALUES ('Radcliffe','Dominico','432-707-5588','rdominicof@spiegel.de','rdominicof@163.com','rdominicof@soundcloud.com','Financial Advisor', 15);
INSERT INTO Manager(first_name,last_name,phone,email1,email2,email3,job_title,reportsTo) VALUES ('Simonette','Denecamp','757-371-1388','sdenecampg@state.tx.us','sdenecampg@phpbb.com','sdenecampg@blogtalkradio.com','Operator', 16);
INSERT INTO Manager(first_name,last_name,phone,email1,email2,email3,job_title,reportsTo) VALUES ('Bobinette','Kachel','518-784-5061','bkachelh@timesonline.co.uk','bkachelh@php.net','bkachelh@hostgator.com','GIS Technical Architect', 17);
INSERT INTO Manager(first_name,last_name,phone,email1,email2,email3,job_title,reportsTo) VALUES ('Eda','Edrich','112-285-4833','eedrichi@nba.com','eedrichi@163.com','eedrichi@typepad.com','Graphic Designer', 18);
INSERT INTO Manager(first_name,last_name,phone,email1,email2,email3,job_title,reportsTo) VALUES ('Skelly','Falk','549-521-1731','sfalkj@cyberchimps.com','sfalkj@unicef.org','sfalkj@skyrock.com','Senior Financial Analyst', 19);
INSERT INTO Manager(first_name,last_name,phone,email1,email2,email3,job_title,reportsTo) VALUES ('Vern','Loy','501-115-6870','vloyk@furl.net','vloyk@theguardian.com','vloyk@hatena.ne.jp','Paralegal', 20);
INSERT INTO Manager(first_name,last_name,phone,email1,email2,email3,job_title,reportsTo) VALUES ('Erinn','Keaysell','384-471-2646','ekeayselll@illinois.edu','ekeayselll@nyu.edu','ekeayselll@cyberchimps.com','Assistant Media Planner', 5);
INSERT INTO Manager(first_name,last_name,phone,email1,email2,email3,job_title,reportsTo) VALUES ('Viviana','Briant','327-992-0534','vbriantm@springer.com','vbriantm@amazon.co.jp','vbriantm@about.com','Chief Design Engineer', 22);
INSERT INTO Manager(first_name,last_name,phone,email1,email2,email3,job_title,reportsTo) VALUES ('Yardley','Lidington','399-586-6690','ylidingtonn@alexa.com','ylidingtonn@hp.com','ylidingtonn@domainmarket.com','Web Developer II', 23);
INSERT INTO Manager(first_name,last_name,phone,email1,email2,email3,job_title,reportsTo) VALUES ('Marlane','Mirrlees','835-786-5084','mmirrleeso@guardian.co.uk','mmirrleeso@posterous.com','mmirrleeso@salon.com','Help Desk Operator',24);
INSERT INTO Manager(first_name,last_name,phone,email1,email2,email3,job_title,reportsTo) VALUES ('Simmonds','Gibke','128-392-7911','sgibkep@toplist.cz','sgibkep@naver.com','sgibkep@foxnews.com','Project Manager',25);
INSERT INTO Manager(first_name,last_name,phone,email1,email2,email3,job_title,reportsTo) VALUES ('Myrah','Mathiasen','186-373-8402','mmathiasenq@patch.com','mmathiasenq@mashable.com','mmathiasenq@columbia.edu','VP Product Management',26);
INSERT INTO Manager(first_name,last_name,phone,email1,email2,email3,job_title,reportsTo) VALUES ('Lia','Foxten','399-538-1973','lfoxtenr@ocn.ne.jp','lfoxtenr@chicagotribune.com','lfoxtenr@slideshare.net','Environmental Specialist',27);
INSERT INTO Manager(first_name,last_name,phone,email1,email2,email3,job_title,reportsTo) VALUES ('Phineas','Drinkale','631-568-7015','pdrinkales@cnn.com','pdrinkales@pcworld.com','pdrinkales@mapquest.com','Media Manager I',28);
INSERT INTO Manager(first_name,last_name,phone,email1,email2,email3,job_title,reportsTo) VALUES ('Leona','Missen','296-525-8920','lmissent@cnn.com','lmissent@columbia.edu','lmissent@sourceforge.net','Automation Specialist IV',29);
INSERT INTO Manager(first_name,last_name,phone,email1,email2,email3,job_title,reportsTo) VALUES ('Jorie','Sifleet','639-424-9646','jsifleetu@com.com','jsifleetu@huffingtonpost.com','jsifleetu@over-blog.com','Financial Advisor',20);
INSERT INTO Manager(first_name,last_name,phone,email1,email2,email3,job_title,reportsTo) VALUES ('Tabina','Petracco','577-503-3544','tpetraccov@ft.com','tpetraccov@bizjournals.com','tpetraccov@fda.gov','VP Sales',31);
INSERT INTO Manager(first_name,last_name,phone,email1,email2,email3,job_title,reportsTo) VALUES ('Roseann','Matcham','960-781-1875','rmatchamw@prweb.com','rmatchamw@360.cn','rmatchamw@spiegel.de','Geological Engineer',32);
INSERT INTO Manager(first_name,last_name,phone,email1,email2,email3,job_title,reportsTo) VALUES ('Maryann','Klement','698-919-4150','mklementx@java.com','mklementx@barnesandnoble.com','mklementx@meetup.com','Executive Secretary',33);
INSERT INTO Manager(first_name,last_name,phone,email1,email2,email3,job_title,reportsTo) VALUES ('Tomasina','Heindle','502-894-8575','theindley@addtoany.com','theindley@newsvine.com','theindley@nasa.gov','Administrative Assistant I',34);
INSERT INTO Manager(first_name,last_name,phone,email1,email2,email3,job_title,reportsTo) VALUES ('Jerrine','Laugharne','553-506-5515','jlaugharnez@howstuffworks.com','jlaugharnez@biblegateway.com','jlaugharnez@bloglines.com','Technical Writer',35);
INSERT INTO Manager(first_name,last_name,phone,email1,email2,email3,job_title,reportsTo) VALUES ('Merrilee','Romaines','260-893-5565','mromaines10@state.tx.us','mromaines10@zdnet.com','mromaines10@bloomberg.com','Accountant IV',36);
INSERT INTO Manager(first_name,last_name,phone,email1,email2,email3,job_title,reportsTo) VALUES ('Norris','Dunderdale','540-777-6664','ndunderdale11@blogs.com','ndunderdale11@51.la','ndunderdale11@scientificamerican.com','Help Desk Operator',37);
INSERT INTO Manager(first_name,last_name,phone,email1,email2,email3,job_title,reportsTo) VALUES ('Ive','Holhouse','525-896-8327','iholhouse12@simplemachines.org','iholhouse12@uiuc.edu','iholhouse12@163.com','VP Accounting',38);
INSERT INTO Manager(first_name,last_name,phone,email1,email2,email3,job_title,reportsTo) VALUES ('Merline','Kamall','770-328-2415','mkamall13@i2i.jp','mkamall13@instagram.com','mkamall13@desdev.cn','Registered Nurse',39);
INSERT INTO Manager(first_name,last_name,phone,email1,email2,email3,job_title,reportsTo) VALUES ('Clarissa','Athowe','140-916-1632','cathowe14@edublogs.org','cathowe14@parallels.com','cathowe14@weather.com','VP Accounting',40);
INSERT INTO Manager(first_name,last_name,phone,email1,email2,email3,job_title,reportsTo) VALUES ('Desmund','Joul','369-967-7938','djoul15@blogspot.com','djoul15@army.mil','djoul15@eepurl.com','Chemical Engineer',32);
INSERT INTO Manager(first_name,last_name,phone,email1,email2,email3,job_title,reportsTo) VALUES ('Arman','Padley','866-323-2066','apadley16@hao123.com','apadley16@usda.gov','apadley16@comcast.net','Structural Analysis Engineer',2);
INSERT INTO Manager(first_name,last_name,phone,email1,email2,email3,job_title,reportsTo) VALUES ('Edmon','McPhillimey','892-548-3107','emcphillimey17@topsy.com','emcphillimey17@aboutads.info','emcphillimey17@paypal.com','Structural Analysis Engineer',3);
INSERT INTO Manager(first_name,last_name,phone,email1,email2,email3,job_title,reportsTo) VALUES ('Gwenette','Ernke','640-619-3115','gernke18@icq.com','gernke18@woothemes.com','gernke18@businesswire.com','Database Administrator I',4);
INSERT INTO Manager(first_name,last_name,phone,email1,email2,email3,job_title,reportsTo) VALUES ('Ariana','Maylard','990-517-8327','amaylard19@fastcompany.com','amaylard19@opensource.org','amaylard19@nydailynews.com','Geologist III',5);
INSERT INTO Manager(first_name,last_name,phone,email1,email2,email3,job_title,reportsTo) VALUES ('Goddart','Louch','326-777-8954','glouch1a@networksolutions.com','glouch1a@weibo.com','glouch1a@mlb.com','General Manager',6);
INSERT INTO Manager(first_name,last_name,phone,email1,email2,email3,job_title,reportsTo) VALUES ('Matt','Gullberg','825-321-9063','mgullberg1b@123-reg.co.uk','mgullberg1b@go.com','mgullberg1b@yandex.ru','Senior Editor',7);
INSERT INTO Manager(first_name,last_name,phone,email1,email2,email3,job_title,reportsTo) VALUES ('Cybill','Stollmeier','298-195-2128','cstollmeier1c@pbs.org','cstollmeier1c@narod.ru','cstollmeier1c@fotki.com','Technical Writer',8);
INSERT INTO Manager(first_name,last_name,phone,email1,email2,email3,job_title,reportsTo) VALUES ('Erwin','Dowson','197-102-2692','edowson1d@sciencedirect.com','edowson1d@shutterfly.com','edowson1d@marriott.com','Web Developer II',9);

-- man reps 
INSERT INTO man_reps(managerID,reports) VALUES (3,'VariusNulla.mp3');
INSERT INTO man_reps(managerID,reports) VALUES (13,'AtVelit.mp3');
INSERT INTO man_reps(managerID,reports) VALUES (29,'Rhoncus.mp3');
INSERT INTO man_reps(managerID,reports) VALUES (30,'VelitNecNisi.avi');
INSERT INTO man_reps(managerID,reports) VALUES (11,'SapienNon.mp3');
INSERT INTO man_reps(managerID,reports) VALUES (17,'Nec.mp3');
INSERT INTO man_reps(managerID,reports) VALUES (14,'Donec.mp3');
INSERT INTO man_reps(managerID,reports) VALUES (7,'In.ppt');
INSERT INTO man_reps(managerID,reports) VALUES (30,'NonMauris.xls');
INSERT INTO man_reps(managerID,reports) VALUES (20,'NecEuismodScelerisque.xls');
INSERT INTO man_reps(managerID,reports) VALUES (1,'RisusPraesent.mp3');
INSERT INTO man_reps(managerID,reports) VALUES (17,'Cum.jpeg');
INSERT INTO man_reps(managerID,reports) VALUES (6,'SuspendissePotenti.ppt');
INSERT INTO man_reps(managerID,reports) VALUES (23,'ANibh.jpeg');
INSERT INTO man_reps(managerID,reports) VALUES (12,'Vitae.ppt');
INSERT INTO man_reps(managerID,reports) VALUES (7,'AmetErat.doc');
INSERT INTO man_reps(managerID,reports) VALUES (2,'SemperSapienA.xls');
INSERT INTO man_reps(managerID,reports) VALUES (22,'EuEst.ppt');
INSERT INTO man_reps(managerID,reports) VALUES (3,'Amet.avi');
INSERT INTO man_reps(managerID,reports) VALUES (28,'Nulla.mpeg');
INSERT INTO man_reps(managerID,reports) VALUES (24,'TristiqueFusceCongue.avi');
INSERT INTO man_reps(managerID,reports) VALUES (21,'IdNulla.png');
INSERT INTO man_reps(managerID,reports) VALUES (27,'Libero.avi');
INSERT INTO man_reps(managerID,reports) VALUES (24,'QuamFringillaRhoncus.tiff');
INSERT INTO man_reps(managerID,reports) VALUES (11,'NamDui.mp3');
INSERT INTO man_reps(managerID,reports) VALUES (23,'AnteIpsumPrimis.xls');
INSERT INTO man_reps(managerID,reports) VALUES (5,'Et.avi');
INSERT INTO man_reps(managerID,reports) VALUES (28,'CursusVestibulumProin.png');
INSERT INTO man_reps(managerID,reports) VALUES (17,'ConvallisMorbiOdio.txt');
INSERT INTO man_reps(managerID,reports) VALUES (8,'Elementum.tiff');
INSERT INTO man_reps(managerID,reports) VALUES (30,'TellusNisiEu.mov');
INSERT INTO man_reps(managerID,reports) VALUES (22,'SuscipitLigula.mp3');
INSERT INTO man_reps(managerID,reports) VALUES (18,'NullaInteger.xls');
INSERT INTO man_reps(managerID,reports) VALUES (2,'AdipiscingElitProin.xls');
INSERT INTO man_reps(managerID,reports) VALUES (29,'DiamCrasPellentesque.jpeg');
INSERT INTO man_reps(managerID,reports) VALUES (4,'NecMolestie.tiff');
INSERT INTO man_reps(managerID,reports) VALUES (9,'Pede.png');
INSERT INTO man_reps(managerID,reports) VALUES (14,'LectusPellentesqueEget.avi');
INSERT INTO man_reps(managerID,reports) VALUES (24,'HacHabitasse.mp3');
INSERT INTO man_reps(managerID,reports) VALUES (23,'Vel.tiff');
INSERT INTO man_reps(managerID,reports) VALUES (10,'Sem.jpeg');
INSERT INTO man_reps(managerID,reports) VALUES (21,'EtUltricesPosuere.png');
INSERT INTO man_reps(managerID,reports) VALUES (22,'LigulaSuspendisseOrnare.ppt');
INSERT INTO man_reps(managerID,reports) VALUES (1,'EgetRutrum.ppt');
INSERT INTO man_reps(managerID,reports) VALUES (11,'JustoMaecenasRhoncus.xls');
INSERT INTO man_reps(managerID,reports) VALUES (20,'Lectus.ppt');
INSERT INTO man_reps(managerID,reports) VALUES (21,'Eget.png');
INSERT INTO man_reps(managerID,reports) VALUES (24,'SedVestibulum.ppt');
INSERT INTO man_reps(managerID,reports) VALUES (19,'DuisMattis.xls');
INSERT INTO man_reps(managerID,reports) VALUES (4,'IdTurpis.jpeg');
INSERT INTO man_reps(managerID,reports) VALUES (1,'In.jpeg');
INSERT INTO man_reps(managerID,reports) VALUES (17,'EgetCongue.ppt');
INSERT INTO man_reps(managerID,reports) VALUES (26,'ErosElementumPellentesque.tiff');
INSERT INTO man_reps(managerID,reports) VALUES (11,'EgetOrci.ppt');
INSERT INTO man_reps(managerID,reports) VALUES (15,'OdioPorttitorId.avi');
INSERT INTO man_reps(managerID,reports) VALUES (3,'Eget.avi');
INSERT INTO man_reps(managerID,reports) VALUES (21,'MolestieHendreritAt.mp3');
INSERT INTO man_reps(managerID,reports) VALUES (11,'Lorem.avi');
INSERT INTO man_reps(managerID,reports) VALUES (29,'Pretium.tiff');
INSERT INTO man_reps(managerID,reports) VALUES (22,'PhasellusInFelis.mov');
INSERT INTO man_reps(managerID,reports) VALUES (12,'AeneanLectusPellentesque.mp3');
INSERT INTO man_reps(managerID,reports) VALUES (27,'PraesentBlandit.mp3');
INSERT INTO man_reps(managerID,reports) VALUES (15,'PellentesqueViverraPede.tiff');
INSERT INTO man_reps(managerID,reports) VALUES (24,'SemperSapien.gif');
INSERT INTO man_reps(managerID,reports) VALUES (13,'InLeo.txt');
INSERT INTO man_reps(managerID,reports) VALUES (3,'DuisAliquam.pdf');
INSERT INTO man_reps(managerID,reports) VALUES (21,'InPurusEu.mp3');
INSERT INTO man_reps(managerID,reports) VALUES (8,'EuismodScelerisqueQuam.pdf');
INSERT INTO man_reps(managerID,reports) VALUES (5,'Mi.mpeg');
INSERT INTO man_reps(managerID,reports) VALUES (15,'Vulputate.doc');
INSERT INTO man_reps(managerID,reports) VALUES (18,'NullamOrciPede.mp3');
INSERT INTO man_reps(managerID,reports) VALUES (14,'NuncRhoncus.avi');
INSERT INTO man_reps(managerID,reports) VALUES (8,'TempusSemper.tiff');
INSERT INTO man_reps(managerID,reports) VALUES (29,'LaoreetUt.doc');
INSERT INTO man_reps(managerID,reports) VALUES (10,'Elementum.mp3');
INSERT INTO man_reps(managerID,reports) VALUES (24,'MolestieSed.ppt');
INSERT INTO man_reps(managerID,reports) VALUES (13,'MorbiOdio.ppt');
INSERT INTO man_reps(managerID,reports) VALUES (12,'In.txt');
INSERT INTO man_reps(managerID,reports) VALUES (18,'In.mp3');
INSERT INTO man_reps(managerID,reports) VALUES (3,'Pulvinar.avi');
INSERT INTO man_reps(managerID,reports) VALUES (30,'SemFusce.mov');
INSERT INTO man_reps(managerID,reports) VALUES (9,'NislNunc.ppt');
INSERT INTO man_reps(managerID,reports) VALUES (22,'LiberoNonMattis.tiff');
INSERT INTO man_reps(managerID,reports) VALUES (27,'MetusSapienUt.xls');
INSERT INTO man_reps(managerID,reports) VALUES (28,'Quisque.xls');
INSERT INTO man_reps(managerID,reports) VALUES (8,'VitaeQuam.xls');
INSERT INTO man_reps(managerID,reports) VALUES (5,'AcLeo.ppt');
INSERT INTO man_reps(managerID,reports) VALUES (7,'IdMassa.tiff');
INSERT INTO man_reps(managerID,reports) VALUES (23,'AmetNullaQuisque.ppt');
INSERT INTO man_reps(managerID,reports) VALUES (18,'InHac.doc');
INSERT INTO man_reps(managerID,reports) VALUES (30,'SemMauris.txt');
INSERT INTO man_reps(managerID,reports) VALUES (7,'Mattis.png');
INSERT INTO man_reps(managerID,reports) VALUES (18,'UllamcorperPurus.mpeg');
INSERT INTO man_reps(managerID,reports) VALUES (17,'NecNisiVolutpat.mpeg');
INSERT INTO man_reps(managerID,reports) VALUES (23,'LiberoConvallis.mp3');
INSERT INTO man_reps(managerID,reports) VALUES (25,'QuamTurpis.png');
INSERT INTO man_reps(managerID,reports) VALUES (2,'PedeMalesuada.mp3');
INSERT INTO man_reps(managerID,reports) VALUES (28,'VariusIntegerAc.avi');
INSERT INTO man_reps(managerID,reports) VALUES (9,'Justo.ppt');
INSERT INTO man_reps(managerID,reports) VALUES (23,'MolestieNibh.mpeg');
INSERT INTO man_reps(managerID,reports) VALUES (25,'EgetOrci.png');
INSERT INTO man_reps(managerID,reports) VALUES (29,'AdipiscingLorem.tiff');
INSERT INTO man_reps(managerID,reports) VALUES (2,'Sit.avi');
INSERT INTO man_reps(managerID,reports) VALUES (28,'LeoMaecenas.tiff');
INSERT INTO man_reps(managerID,reports) VALUES (30,'AccumsanFelis.pdf');
INSERT INTO man_reps(managerID,reports) VALUES (8,'LacusAtTurpis.mpeg');
INSERT INTO man_reps(managerID,reports) VALUES (5,'Fermentum.pdf');
INSERT INTO man_reps(managerID,reports) VALUES (19,'AuctorSed.tiff');
INSERT INTO man_reps(managerID,reports) VALUES (23,'InLacusCurabitur.ppt');
INSERT INTO man_reps(managerID,reports) VALUES (29,'VelEnimSit.avi');
INSERT INTO man_reps(managerID,reports) VALUES (18,'DolorMorbi.avi');
INSERT INTO man_reps(managerID,reports) VALUES (20,'Mattis.ppt');
INSERT INTO man_reps(managerID,reports) VALUES (14,'MassaQuisAugue.mov');
INSERT INTO man_reps(managerID,reports) VALUES (15,'FaucibusOrciLuctus.mp3');
INSERT INTO man_reps(managerID,reports) VALUES (26,'NullaSedAccumsan.ppt');
INSERT INTO man_reps(managerID,reports) VALUES (3,'Primis.xls');
INSERT INTO man_reps(managerID,reports) VALUES (6,'Amet.xls');
INSERT INTO man_reps(managerID,reports) VALUES (10,'PretiumIaculisDiam.avi');
INSERT INTO man_reps(managerID,reports) VALUES (27,'Et.mp3');
INSERT INTO man_reps(managerID,reports) VALUES (14,'Neque.mov');
INSERT INTO man_reps(managerID,reports) VALUES (8,'TortorRisus.avi');
INSERT INTO man_reps(managerID,reports) VALUES (25,'Hac.mp3');
INSERT INTO man_reps(managerID,reports) VALUES (16,'InHacHabitasse.tiff');
INSERT INTO man_reps(managerID,reports) VALUES (4,'Mauris.tiff');
INSERT INTO man_reps(managerID,reports) VALUES (7,'DuiLuctus.xls');
INSERT INTO man_reps(managerID,reports) VALUES (23,'SedVel.mp3');
INSERT INTO man_reps(managerID,reports) VALUES (30,'NecNisiVolutpat.mov');
INSERT INTO man_reps(managerID,reports) VALUES (5,'AcNibh.xls');
INSERT INTO man_reps(managerID,reports) VALUES (13,'BibendumImperdiet.avi');
INSERT INTO man_reps(managerID,reports) VALUES (8,'InHacHabitasse.mp3');
INSERT INTO man_reps(managerID,reports) VALUES (29,'AtIpsum.tiff');
INSERT INTO man_reps(managerID,reports) VALUES (16,'MaecenasLeoOdio.mp3');
INSERT INTO man_reps(managerID,reports) VALUES (14,'Justo.avi');
INSERT INTO man_reps(managerID,reports) VALUES (2,'EratQuisque.tiff');
INSERT INTO man_reps(managerID,reports) VALUES (25,'CommodoVulputateJusto.avi');
INSERT INTO man_reps(managerID,reports) VALUES (14,'PosuereCubiliaCurae.avi');
INSERT INTO man_reps(managerID,reports) VALUES (26,'EtUltricesPosuere.avi');
INSERT INTO man_reps(managerID,reports) VALUES (3,'VariusUtBlandit.avi');
INSERT INTO man_reps(managerID,reports) VALUES (30,'QuisAugue.ppt');
INSERT INTO man_reps(managerID,reports) VALUES (22,'Vel.png');
INSERT INTO man_reps(managerID,reports) VALUES (24,'MaurisLaciniaSapien.avi');
INSERT INTO man_reps(managerID,reports) VALUES (8,'EuMagna.gif');
INSERT INTO man_reps(managerID,reports) VALUES (5,'NullaUt.jpeg');
INSERT INTO man_reps(managerID,reports) VALUES (18,'MaurisSitAmet.gif');
INSERT INTO man_reps(managerID,reports) VALUES (21,'EuFelisFusce.xls');
INSERT INTO man_reps(managerID,reports) VALUES (6,'Vel.tiff');
INSERT INTO man_reps(managerID,reports) VALUES (10,'EratNullaTempus.pdf');
INSERT INTO man_reps(managerID,reports) VALUES (9,'Mauris.jpeg');
INSERT INTO man_reps(managerID,reports) VALUES (4,'UtOdio.mp3');
INSERT INTO man_reps(managerID,reports) VALUES (13,'DuiNecNisi.tiff');

-- customers 
INSERT INTO Customers(email1,email2,email3,first_name,last_name,phone,city,state,country,zip,managerID) VALUES ('tbaudy0@illinois.edu','tbaudy0@toplist.cz','tbaudy0@msn.com','Tremaine','Baudy','784-184-4650','Papetoai',NULL,'French Polynesia',NULL,7);
INSERT INTO Customers(email1,email2,email3,first_name,last_name,phone,city,state,country,zip,managerID) VALUES ('cpadell1@smh.com.au','cpadell1@wufoo.com','cpadell1@mtv.com','Cristina','Padell','446-368-1908','Nanjin',NULL,'China',NULL,21);
INSERT INTO Customers(email1,email2,email3,first_name,last_name,phone,city,state,country,zip,managerID) VALUES ('fgustus2@opera.com','fgustus2@nationalgeographic.com','fgustus2@harvard.edu','Fitz','Gustus','424-262-2212','Opatov',NULL,'Czech Republic',67528,10);
INSERT INTO Customers(email1,email2,email3,first_name,last_name,phone,city,state,country,zip,managerID) VALUES ('bfont3@walmart.com','bfont3@ehow.com','bfont3@geocities.com','Brandi','Font','992-428-3650','Rungis','Île-de-France','France',94631,19);
INSERT INTO Customers(email1,email2,email3,first_name,last_name,phone,city,state,country,zip,managerID) VALUES ('jkenford4@dion.ne.jp','jkenford4@wikia.com','jkenford4@cargocollective.com','Josi','Kenford','475-868-4614','Talugtug',NULL,'Philippines',6203,9);
INSERT INTO Customers(email1,email2,email3,first_name,last_name,phone,city,state,country,zip,managerID) VALUES ('pbatson5@addtoany.com','pbatson5@printfriendly.com','pbatson5@myspace.com','Pegeen','Batson','867-467-5387','‘Irbīn',NULL,'Syria',NULL,27);
INSERT INTO Customers(email1,email2,email3,first_name,last_name,phone,city,state,country,zip,managerID) VALUES ('eleathe6@youku.com','eleathe6@ucsd.edu','eleathe6@hubpages.com','Everard','Leathe','855-315-5379','Huangge',NULL,'China',NULL,10);
INSERT INTO Customers(email1,email2,email3,first_name,last_name,phone,city,state,country,zip,managerID) VALUES ('sborsi7@addthis.com','sborsi7@scientificamerican.com','sborsi7@unc.edu','Silvester','Borsi','428-840-5380','Kute',NULL,'Indonesia',NULL,19);
INSERT INTO Customers(email1,email2,email3,first_name,last_name,phone,city,state,country,zip,managerID) VALUES ('jdressell8@facebook.com','jdressell8@seesaa.net','jdressell8@usda.gov','Jelene','Dressell','840-155-9479','Dois Córregos',NULL,'Brazil',17300000,8);
INSERT INTO Customers(email1,email2,email3,first_name,last_name,phone,city,state,country,zip,managerID) VALUES ('kkamenar9@bizjournals.com','kkamenar9@webnode.com','kkamenar9@abc.net.au','Karim','Kamenar','128-141-1871','Sindangraja',NULL,'Indonesia',NULL,18);
INSERT INTO Customers(email1,email2,email3,first_name,last_name,phone,city,state,country,zip,managerID) VALUES ('tacomba@yellowbook.com','tacomba@addtoany.com','tacomba@symantec.com','Thaddus','Acomb','712-598-4611','Houxi',NULL,'China',NULL,3);
INSERT INTO Customers(email1,email2,email3,first_name,last_name,phone,city,state,country,zip,managerID) VALUES ('tstieblerb@freewebs.com','tstieblerb@army.mil','tstieblerb@hao123.com','Terry','Stiebler','443-967-8167','San Vicente Centenario',NULL,'Honduras',NULL,9);
INSERT INTO Customers(email1,email2,email3,first_name,last_name,phone,city,state,country,zip,managerID) VALUES ('erimmerc@hud.gov','erimmerc@cdbaby.com','erimmerc@cdc.gov','Edlin','Rimmer','200-893-2756','Xianzong',NULL,'China',NULL,27);
INSERT INTO Customers(email1,email2,email3,first_name,last_name,phone,city,state,country,zip,managerID) VALUES ('lakermand@so-net.ne.jp','lakermand@1688.com','lakermand@slate.com','Leila','Akerman','638-483-1505','Huangma',NULL,'China',NULL,16);
INSERT INTO Customers(email1,email2,email3,first_name,last_name,phone,city,state,country,zip,managerID) VALUES ('vmartlewe@usatoday.com','vmartlewe@chron.com','vmartlewe@gmpg.org','Vivie','Martlew','557-491-1350','Dadapan',NULL,'Indonesia',NULL,16);
INSERT INTO Customers(email1,email2,email3,first_name,last_name,phone,city,state,country,zip,managerID) VALUES ('jchesleyf@surveymonkey.com','jchesleyf@feedburner.com','jchesleyf@google.com.hk','Jarid','Chesley','869-955-8623','Sendang',NULL,'Indonesia',NULL,14);
INSERT INTO Customers(email1,email2,email3,first_name,last_name,phone,city,state,country,zip,managerID) VALUES ('khultbergg@weather.com','khultbergg@ucoz.ru','khultbergg@census.gov','Karney','Hultberg','719-150-9296','Patquía',NULL,'Argentina',2424,5);
INSERT INTO Customers(email1,email2,email3,first_name,last_name,phone,city,state,country,zip,managerID) VALUES ('cfeeh@fc2.com','cfeeh@walmart.com','cfeeh@blogtalkradio.com','Charlton','Fee','921-509-6429','Siqu',NULL,'China',NULL,9);
INSERT INTO Customers(email1,email2,email3,first_name,last_name,phone,city,state,country,zip,managerID) VALUES ('lkwieteki@oaic.gov.au','lkwieteki@barnesandnoble.com','lkwieteki@engadget.com','Larisa','Kwietek','539-386-6868','Ujmisht',NULL,'Albania',NULL,4);
INSERT INTO Customers(email1,email2,email3,first_name,last_name,phone,city,state,country,zip,managerID) VALUES ('mtaffej@cargocollective.com','mtaffej@bbb.org','mtaffej@cbsnews.com','Marilin','Taffe','512-176-0815','Kobylin',NULL,'Poland',63740,9);
INSERT INTO Customers(email1,email2,email3,first_name,last_name,phone,city,state,country,zip,managerID) VALUES ('jpendrillk@bloglovin.com','jpendrillk@last.fm','jpendrillk@ustream.tv','Jeffy','Pendrill','767-514-8349','Yasinya',NULL,'Ukraine',NULL,7);
INSERT INTO Customers(email1,email2,email3,first_name,last_name,phone,city,state,country,zip,managerID) VALUES ('liacovonel@google.nl','liacovonel@si.edu','liacovonel@ovh.net','Lorelle','Iacovone','633-704-8341','Kramat',NULL,'Indonesia',NULL,10);
INSERT INTO Customers(email1,email2,email3,first_name,last_name,phone,city,state,country,zip,managerID) VALUES ('ablackahm@answers.com','ablackahm@imgur.com','ablackahm@naver.com','Ardenia','Blackah','559-500-1564','Wudui',NULL,'China',NULL,23);
INSERT INTO Customers(email1,email2,email3,first_name,last_name,phone,city,state,country,zip,managerID) VALUES ('vmurdyn@jugem.jp','vmurdyn@vistaprint.com','vmurdyn@google.es','Vinson','Murdy','868-245-7552','Konstantinovo',NULL,'Russia',141340,8);
INSERT INTO Customers(email1,email2,email3,first_name,last_name,phone,city,state,country,zip,managerID) VALUES ('afostersmitho@constantcontact.com','afostersmitho@forbes.com','afostersmitho@addtoany.com','Anastasie','Foster-Smith','664-586-2158','Merefa',NULL,'Ukraine',NULL,18);
INSERT INTO Customers(email1,email2,email3,first_name,last_name,phone,city,state,country,zip,managerID) VALUES ('nmaccostyp@nhs.uk','nmaccostyp@nydailynews.com','nmaccostyp@ftc.gov','Ninon','MacCosty','964-749-0100','Ampasimanolotra',NULL,'Madagascar',NULL,2);
INSERT INTO Customers(email1,email2,email3,first_name,last_name,phone,city,state,country,zip,managerID) VALUES ('cgaterq@xrea.com','cgaterq@si.edu','cgaterq@4shared.com','Carena','Gater','721-165-4957','Morro Agudo',NULL,'Brazil',14640000,4);
INSERT INTO Customers(email1,email2,email3,first_name,last_name,phone,city,state,country,zip,managerID) VALUES ('wserotr@ihg.com','wserotr@devhub.com','wserotr@disqus.com','Willard','Serot','193-245-6784','Taoudenni',NULL,'Mali',NULL,26);
INSERT INTO Customers(email1,email2,email3,first_name,last_name,phone,city,state,country,zip,managerID) VALUES ('jpascalls@go.com','jpascalls@gov.uk','jpascalls@cmu.edu','Jelene','Pascall','488-894-7534','Sampaio','Setúbal','Portugal',2970137,16);
INSERT INTO Customers(email1,email2,email3,first_name,last_name,phone,city,state,country,zip,managerID) VALUES ('akileyt@addthis.com','akileyt@cyberchimps.com','akileyt@springer.com','Angelica','Kiley','946-973-1000','Coayllo',NULL,'Peru',NULL,26);
INSERT INTO Customers(email1,email2,email3,first_name,last_name,phone,city,state,country,zip,managerID) VALUES ('pbrisseauu@cnn.com','pbrisseauu@netscape.com','pbrisseauu@miitbeian.gov.cn','Patsy','Brisseau','226-200-7765','Puerto Esperanza',NULL,'Argentina',3378,5);
INSERT INTO Customers(email1,email2,email3,first_name,last_name,phone,city,state,country,zip,managerID) VALUES ('npaulyv@w3.org','npaulyv@oracle.com','npaulyv@pinterest.com','Nissy','Pauly','518-465-5742','Himensulan',NULL,'Philippines',1682,17);
INSERT INTO Customers(email1,email2,email3,first_name,last_name,phone,city,state,country,zip,managerID) VALUES ('omeew@dell.com','omeew@mac.com','omeew@ft.com','Olva','Mee','854-203-8646','Koua',NULL,'Comoros',NULL,25);
INSERT INTO Customers(email1,email2,email3,first_name,last_name,phone,city,state,country,zip,managerID) VALUES ('pdrynanx@zdnet.com','pdrynanx@yolasite.com','pdrynanx@tmall.com','Patricia','Drynan','256-602-4041','Zhoupu',NULL,'China',NULL,16);
INSERT INTO Customers(email1,email2,email3,first_name,last_name,phone,city,state,country,zip,managerID) VALUES ('apostgatey@goo.gl','apostgatey@cmu.edu','apostgatey@latimes.com','Ameline','Postgate','955-987-6464','Naka',NULL,'Japan',9990601,7);
INSERT INTO Customers(email1,email2,email3,first_name,last_name,phone,city,state,country,zip,managerID) VALUES ('mstirripz@blogtalkradio.com','mstirripz@ycombinator.com','mstirripz@microsoft.com','Marchelle','Stirrip','955-270-1779','Přibyslav',NULL,'Czech Republic',54901,23);
INSERT INTO Customers(email1,email2,email3,first_name,last_name,phone,city,state,country,zip,managerID) VALUES ('jromero10@vinaora.com','jromero10@macromedia.com','jromero10@symantec.com','Jeno','Romero','287-989-6382','Ngangpo',NULL,'Indonesia',NULL,17);
INSERT INTO Customers(email1,email2,email3,first_name,last_name,phone,city,state,country,zip,managerID) VALUES ('lwasling11@over-blog.com','lwasling11@flavors.me','lwasling11@dion.ne.jp','Linell','Wasling','447-742-5445','Nyzhni Sirohozy',NULL,'Ukraine',NULL,3);
INSERT INTO Customers(email1,email2,email3,first_name,last_name,phone,city,state,country,zip,managerID) VALUES ('khooke12@google.ca','khooke12@comcast.net','khooke12@storify.com','Koo','Hooke','326-371-1410','Maopingchang',NULL,'China',NULL,12);
INSERT INTO Customers(email1,email2,email3,first_name,last_name,phone,city,state,country,zip,managerID) VALUES ('mbowater13@lulu.com','mbowater13@de.vu','mbowater13@sun.com','Myriam','Bowater','605-122-2578','Kafr Şūr',NULL,'Palestinian Territory',NULL,16);
INSERT INTO Customers(email1,email2,email3,first_name,last_name,phone,city,state,country,zip,managerID) VALUES ('bmilsap14@joomla.org','bmilsap14@hexun.com','bmilsap14@ask.com','Burnard','Milsap','101-664-9221','Sadang Kulon',NULL,'Indonesia',NULL,26);
INSERT INTO Customers(email1,email2,email3,first_name,last_name,phone,city,state,country,zip,managerID) VALUES ('jhannam15@instagram.com','jhannam15@geocities.com','jhannam15@google.com.hk','Juliet','Hannam','235-292-4415','Gujiang',NULL,'China',NULL,25);
INSERT INTO Customers(email1,email2,email3,first_name,last_name,phone,city,state,country,zip,managerID) VALUES ('lworks16@japanpost.jp','lworks16@google.it','lworks16@mashable.com','Lory','Works','513-222-2135','Nowlamary',NULL,'Bangladesh',3731,24);
INSERT INTO Customers(email1,email2,email3,first_name,last_name,phone,city,state,country,zip,managerID) VALUES ('pgergely17@independent.co.uk','pgergely17@alexa.com','pgergely17@technorati.com','Pierce','Gergely','211-100-2177','Nanjiao',NULL,'China',NULL,6);
INSERT INTO Customers(email1,email2,email3,first_name,last_name,phone,city,state,country,zip,managerID) VALUES ('dmottinelli18@unesco.org','dmottinelli18@fda.gov','dmottinelli18@nydailynews.com','Dulciana','Mottinelli','936-668-6742','Cikananga',NULL,'Indonesia',NULL,30);
INSERT INTO Customers(email1,email2,email3,first_name,last_name,phone,city,state,country,zip,managerID) VALUES ('bbenazet19@webs.com','bbenazet19@usda.gov','bbenazet19@shutterfly.com','Beauregard','Benazet','161-860-9262','Kampunganyar',NULL,'Indonesia',NULL,1);
INSERT INTO Customers(email1,email2,email3,first_name,last_name,phone,city,state,country,zip,managerID) VALUES ('fhesbrook1a@jigsy.com','fhesbrook1a@guardian.co.uk','fhesbrook1a@walmart.com','Filberto','Hesbrook','294-192-1634','Shyroke',NULL,'Ukraine',NULL,9);
INSERT INTO Customers(email1,email2,email3,first_name,last_name,phone,city,state,country,zip,managerID) VALUES ('kkleinschmidt1b@jigsy.com','kkleinschmidt1b@example.com','kkleinschmidt1b@europa.eu','Kathye','Kleinschmidt','270-880-2009','Pakemitan',NULL,'Indonesia',NULL,15);
INSERT INTO Customers(email1,email2,email3,first_name,last_name,phone,city,state,country,zip,managerID) VALUES ('sfechnie1c@networkadvertising.org','sfechnie1c@utexas.edu','sfechnie1c@csmonitor.com','Sancho','Fechnie','606-292-6390','Lexington','Kentucky','United States',40596,27);
INSERT INTO Customers(email1,email2,email3,first_name,last_name,phone,city,state,country,zip,managerID) VALUES ('rlenglet1d@dagondesign.com','rlenglet1d@yahoo.com','rlenglet1d@slashdot.org','Rosamond','Lenglet','685-697-7018','Krajan',NULL,'Indonesia',NULL,14);

-- Orders 
INSERT INTO Orders(statusID,city,state,country,zip,customerID) VALUES (false,'Côte-Saint-Luc','Québec','Canada',NULL,28);
INSERT INTO Orders(statusID,city,state,country,zip,customerID) VALUES (true,'Dvurechensk',NULL,'Russia',624013,19);
INSERT INTO Orders(statusID,city,state,country,zip,customerID) VALUES (false,'San Francisco',NULL,'Philippines',8501,12);
INSERT INTO Orders(statusID,city,state,country,zip,customerID) VALUES (false,'Xinfeng',NULL,'China',NULL,31);
INSERT INTO Orders(statusID,city,state,country,zip,customerID) VALUES (true,'Mori',NULL,'China',NULL,20);
INSERT INTO Orders(statusID,city,state,country,zip,customerID) VALUES (false,'Ventanas',NULL,'Ecuador',NULL,40);
INSERT INTO Orders(statusID,city,state,country,zip,customerID) VALUES (true,'Thị Trấn Yên Cát',NULL,'Vietnam',NULL,39);
INSERT INTO Orders(statusID,city,state,country,zip,customerID) VALUES (false,'Qilin',NULL,'China',NULL,15);
INSERT INTO Orders(statusID,city,state,country,zip,customerID) VALUES (false,'Bendoroto',NULL,'Indonesia',NULL,29);
INSERT INTO Orders(statusID,city,state,country,zip,customerID) VALUES (true,'Lāchi',NULL,'Pakistan',26360,41);
INSERT INTO Orders(statusID,city,state,country,zip,customerID) VALUES (true,'Arauca',NULL,'Colombia',810009,47);
INSERT INTO Orders(statusID,city,state,country,zip,customerID) VALUES (false,'Tianmuhu',NULL,'China',NULL,21);
INSERT INTO Orders(statusID,city,state,country,zip,customerID) VALUES (true,'Changle',NULL,'China',NULL,10);
INSERT INTO Orders(statusID,city,state,country,zip,customerID) VALUES (false,'Tuchomie',NULL,'Poland',77133,4);
INSERT INTO Orders(statusID,city,state,country,zip,customerID) VALUES (false,'Laiya',NULL,'Philippines',6215,3);
INSERT INTO Orders(statusID,city,state,country,zip,customerID) VALUES (true,'Sinmak',NULL,'North Korea',NULL,8);
INSERT INTO Orders(statusID,city,state,country,zip,customerID) VALUES (false,'Krouna',NULL,'Czech Republic',5343,6);
INSERT INTO Orders(statusID,city,state,country,zip,customerID) VALUES (false,'Étampes','Île-de-France','France',91154,17);
INSERT INTO Orders(statusID,city,state,country,zip,customerID) VALUES (true,'Oymak',NULL,'China',NULL,7);
INSERT INTO Orders(statusID,city,state,country,zip,customerID) VALUES (true,'Shkodër',NULL,'Albania',NULL,27);
INSERT INTO Orders(statusID,city,state,country,zip,customerID) VALUES (false,'Avranches','Basse-Normandie','France',50309,48);
INSERT INTO Orders(statusID,city,state,country,zip,customerID) VALUES (true,'Junshan',NULL,'China',NULL,34);
INSERT INTO Orders(statusID,city,state,country,zip,customerID) VALUES (true,'Savannah','Georgia','United States',31416,37);
INSERT INTO Orders(statusID,city,state,country,zip,customerID) VALUES (false,'Jetis',NULL,'Indonesia',NULL,14);
INSERT INTO Orders(statusID,city,state,country,zip,customerID) VALUES (false,'Mīr Bachah Kōṯ',NULL,'Afghanistan',NULL,26);
INSERT INTO Orders(statusID,city,state,country,zip,customerID) VALUES (true,'Qīr Moāv',NULL,'Jordan',NULL,16);
INSERT INTO Orders(statusID,city,state,country,zip,customerID) VALUES (true,'Xuefu',NULL,'China',NULL,2);
INSERT INTO Orders(statusID,city,state,country,zip,customerID) VALUES (true,'Carapo',NULL,'Peru',NULL,45);
INSERT INTO Orders(statusID,city,state,country,zip,customerID) VALUES (false,'Valuyki',NULL,'Russia',309999,22);
INSERT INTO Orders(statusID,city,state,country,zip,customerID) VALUES (true,'Wichita','Kansas','United States',67260,11);
INSERT INTO Orders(statusID,city,state,country,zip,customerID) VALUES (true,'Tiraspol',NULL,'Moldova',3300,25);
INSERT INTO Orders(statusID,city,state,country,zip,customerID) VALUES (true,'Zheleznogorsk-Ilimskiy',NULL,'Russia',665654,38);
INSERT INTO Orders(statusID,city,state,country,zip,customerID) VALUES (false,'Meilin',NULL,'China',NULL,23);
INSERT INTO Orders(statusID,city,state,country,zip,customerID) VALUES (true,'Paipa',NULL,'Colombia',150449,30);
INSERT INTO Orders(statusID,city,state,country,zip,customerID) VALUES (false,'Yanxi',NULL,'China',NULL,24);
INSERT INTO Orders(statusID,city,state,country,zip,customerID) VALUES (false,'Valle San Francisco',NULL,'Nicaragua',NULL,42);
INSERT INTO Orders(statusID,city,state,country,zip,customerID) VALUES (true,'Hrádek',NULL,'Czech Republic',73997,44);
INSERT INTO Orders(statusID,city,state,country,zip,customerID) VALUES (true,'San Isidro','Chiapas','Mexico',29020,50);
INSERT INTO Orders(statusID,city,state,country,zip,customerID) VALUES (true,'Brusy',NULL,'Poland',89632,49);
INSERT INTO Orders(statusID,city,state,country,zip,customerID) VALUES (true,'Yên Lập',NULL,'Vietnam',NULL,46);
INSERT INTO Orders(statusID,city,state,country,zip,customerID) VALUES (true,'Sanjia',NULL,'China',NULL,33);
INSERT INTO Orders(statusID,city,state,country,zip,customerID) VALUES (true,'Horodok',NULL,'Ukraine',NULL,9);
INSERT INTO Orders(statusID,city,state,country,zip,customerID) VALUES (true,'Chakwāl',NULL,'Pakistan',24421,35);
INSERT INTO Orders(statusID,city,state,country,zip,customerID) VALUES (true,'Bzou',NULL,'Morocco',NULL,5);
INSERT INTO Orders(statusID,city,state,country,zip,customerID) VALUES (false,'Jiaze',NULL,'China',NULL,36);
INSERT INTO Orders(statusID,city,state,country,zip,customerID) VALUES (true,'Kukuluk',NULL,'Indonesia',NULL,13);
INSERT INTO Orders(statusID,city,state,country,zip,customerID) VALUES (false,'Gananoque','Ontario','Canada',NULL,43);
INSERT INTO Orders(statusID,city,state,country,zip,customerID) VALUES (true,'Windsor','Québec','Canada',NULL,32);
INSERT INTO Orders(statusID,city,state,country,zip,customerID) VALUES (false,'Juranalas',NULL,'Indonesia',NULL,18);
INSERT INTO Orders(statusID,city,state,country,zip,customerID) VALUES (false,'Binangun',NULL,'Indonesia',NULL,1);

-- Sellers
INSERT INTO Sellers(first_name,last_name,email1,email2,email3,city,state,country,zip,phone) VALUES ('Andie','Kidds','akidds0@list-manage.com','akidds0@geocities.com','akidds0@meetup.com','Palmar de Varela',NULL,'Colombia',0830,'589-293-0297');
INSERT INTO Sellers(first_name,last_name,email1,email2,email3,city,state,country,zip,phone) VALUES ('Teresa','Robker','trobker1@is.gd','trobker1@hostgator.com','trobker1@creativecommons.org','Juan L. Lacaze',NULL,'Uruguay',NULL,'851-481-1129');
INSERT INTO Sellers(first_name,last_name,email1,email2,email3,city,state,country,zip,phone) VALUES ('Billye','Waldera','bwaldera2@ameblo.jp','bwaldera2@odnoklassniki.ru','bwaldera2@paginegialle.it','Trieste','Friuli-Venezia Giulia','Italy',34141,'300-361-6193');
INSERT INTO Sellers(first_name,last_name,email1,email2,email3,city,state,country,zip,phone) VALUES ('Marga','Avieson','mavieson3@loc.gov','mavieson3@joomla.org','mavieson3@utexas.edu','Vicente Guerrero','Guerrero','Mexico','40230','926-783-1994');
INSERT INTO Sellers(first_name,last_name,email1,email2,email3,city,state,country,zip,phone) VALUES ('Berty','Brownsett','bbrownsett4@comsenz.com','bbrownsett4@xing.com','bbrownsett4@over-blog.com','Mont-de-Marsan','Aquitaine','France',40013,'968-288-6742');
INSERT INTO Sellers(first_name,last_name,email1,email2,email3,city,state,country,zip,phone) VALUES ('Arnuad','Challace','achallace5@un.org','achallace5@tripod.com','achallace5@oracle.com','Cruz Alta',NULL,'Brazil',98000-000,'305-464-1867');
INSERT INTO Sellers(first_name,last_name,email1,email2,email3,city,state,country,zip,phone) VALUES ('Glori','Grooby','ggrooby6@hibu.com','ggrooby6@berkeley.edu','ggrooby6@senate.gov','Dashuipo',NULL,'China',NULL,'771-197-7374');
INSERT INTO Sellers(first_name,last_name,email1,email2,email3,city,state,country,zip,phone) VALUES ('Gunilla','Kinlock','gkinlock7@smh.com.au','gkinlock7@spotify.com','gkinlock7@sakura.ne.jp','Los Angeles','California','United States',90071,'818-192-7838');
INSERT INTO Sellers(first_name,last_name,email1,email2,email3,city,state,country,zip,phone) VALUES ('Darcy','Burdytt','dburdytt8@uiuc.edu','dburdytt8@goo.ne.jp','dburdytt8@examiner.com','Tarimbang',NULL,'Indonesia',NULL,'291-979-1242');
INSERT INTO Sellers(first_name,last_name,email1,email2,email3,city,state,country,zip,phone) VALUES ('Geoffry','Coyish','gcoyish9@ameblo.jp','gcoyish9@kickstarter.com','gcoyish9@prlog.org','Diavatá',NULL,'Greece',NULL,'546-224-9176');
INSERT INTO Sellers(first_name,last_name,email1,email2,email3,city,state,country,zip,phone) VALUES ('Sharl','Pund','spunda@hostgator.com','spunda@cloudflare.com','spunda@histats.com','Versailles','Île-de-France','France',78014,'740-526-3844');
INSERT INTO Sellers(first_name,last_name,email1,email2,email3,city,state,country,zip,phone) VALUES ('Sydelle','Lorand','slorandb@sohu.com','slorandb@elegantthemes.com','slorandb@ucoz.ru','Mangaran',NULL,'Indonesia',NULL,'788-628-7784');
INSERT INTO Sellers(first_name,last_name,email1,email2,email3,city,state,country,zip,phone) VALUES ('Filippo','Richemond','frichemondc@cnn.com','frichemondc@fda.gov','frichemondc@yolasite.com','Yonago',NULL,'Japan',692-0212,'831-238-6736');
INSERT INTO Sellers(first_name,last_name,email1,email2,email3,city,state,country,zip,phone) VALUES ('Lon','Zaple','lzapled@jugem.jp','lzapled@tripod.com','lzapled@whitehouse.gov','Sāh',NULL,'Yemen',NULL,'105-877-7924');
INSERT INTO Sellers(first_name,last_name,email1,email2,email3,city,state,country,zip,phone) VALUES ('Maribel','Chamney','mchamneye@hud.gov','mchamneye@jugem.jp','mchamneye@nifty.com','Calinog',NULL,'Philippines',5040,'451-125-7874');
INSERT INTO Sellers(first_name,last_name,email1,email2,email3,city,state,country,zip,phone) VALUES ('Merry','Towersey','mtowerseyf@smh.com.au','mtowerseyf@domainmarket.com','mtowerseyf@rediff.com','Kochani',NULL,'Macedonia',2307,'142-959-5635');
INSERT INTO Sellers(first_name,last_name,email1,email2,email3,city,state,country,zip,phone) VALUES ('Terrie','Pretley','tpretleyg@umn.edu','tpretleyg@about.me','tpretleyg@edublogs.org','Wuma',NULL,'China',NULL,'135-649-4101');
INSERT INTO Sellers(first_name,last_name,email1,email2,email3,city,state,country,zip,phone) VALUES ('Giff','Flindall','gflindallh@comsenz.com','gflindallh@technorati.com','gflindallh@goodreads.com','Debre Werk’',NULL,'Ethiopia',NULL,'275-813-9319');
INSERT INTO Sellers(first_name,last_name,email1,email2,email3,city,state,country,zip,phone) VALUES ('Daron','Naisey','dnaiseyi@exblog.jp','dnaiseyi@github.com','dnaiseyi@lulu.com','Vishow',NULL,'Belarus',NULL,'150-796-6581');
INSERT INTO Sellers(first_name,last_name,email1,email2,email3,city,state,country,zip,phone) VALUES ('Lanae','Brellin','lbrellinj@wikia.com','lbrellinj@aol.com','lbrellinj@washingtonpost.com','Sukarama',NULL,'Indonesia',NULL,'344-813-2865');
INSERT INTO Sellers(first_name,last_name,email1,email2,email3,city,state,country,zip,phone) VALUES ('Rubina','Misken','rmiskenk@yellowbook.com','rmiskenk@fastcompany.com','rmiskenk@sohu.com','Patrocinio',NULL,'Philippines',9002,'581-169-9400');
INSERT INTO Sellers(first_name,last_name,email1,email2,email3,city,state,country,zip,phone) VALUES ('Marj','Thal','mthall@sourceforge.net','mthall@webmd.com','mthall@utexas.edu','Jamundí',NULL,'Colombia',764008,'813-431-5443');
INSERT INTO Sellers(first_name,last_name,email1,email2,email3,city,state,country,zip,phone) VALUES ('Zollie','Shadwick','zshadwickm@statcounter.com','zshadwickm@oracle.com','zshadwickm@baidu.com','Lodoyo',NULL,'Indonesia',NULL,'561-797-4711');
INSERT INTO Sellers(first_name,last_name,email1,email2,email3,city,state,country,zip,phone) VALUES ('Brok','Orsi','borsin@time.com','borsin@businesswire.com','borsin@geocities.jp','Sabadell','Cataluna','Spain',08204,'698-973-9897');
INSERT INTO Sellers(first_name,last_name,email1,email2,email3,city,state,country,zip,phone) VALUES ('Joete','Reihill','jreihillo@prnewswire.com','jreihillo@cdc.gov','jreihillo@usatoday.com','Taiping',NULL,'China',NULL,'748-992-8085');
INSERT INTO Sellers(first_name,last_name,email1,email2,email3,city,state,country,zip,phone) VALUES ('Chariot','Cathrall','ccathrallp@purevolume.com','ccathrallp@virginia.edu','ccathrallp@wikipedia.org','Mujães','Viana do Castelo','Portugal',4905-515,'559-111-4319');
INSERT INTO Sellers(first_name,last_name,email1,email2,email3,city,state,country,zip,phone) VALUES ('Tania','Gerok','tgerokq@fotki.com','tgerokq@ovh.net','tgerokq@soundcloud.com','Esuk Oron',NULL,'Nigeria',NULL,'423-742-6001');
INSERT INTO Sellers(first_name,last_name,email1,email2,email3,city,state,country,zip,phone) VALUES ('Mersey','Shakesby','mshakesbyr@census.gov','mshakesbyr@example.com','mshakesbyr@example.com','Berlin','Berlin','Germany',10823,'233-438-4386');
INSERT INTO Sellers(first_name,last_name,email1,email2,email3,city,state,country,zip,phone) VALUES ('Krystyna','Erskine Sandys','kerskinesandyss@tinypic.com','kerskinesandyss@livejournal.com','kerskinesandyss@dyndns.org','Västerås','Västmanland','Sweden',72106,'763-104-3174');
INSERT INTO Sellers(first_name,last_name,email1,email2,email3,city,state,country,zip,phone) VALUES ('Obadiah','Woolway','owoolwayt@tumblr.com','owoolwayt@meetup.com','owoolwayt@nps.gov','Hlusk',NULL,'Belarus',NULL,'310-929-0699');
INSERT INTO Sellers(first_name,last_name,email1,email2,email3,city,state,country,zip,phone) VALUES ('Rosaline','Purrier','rpurrieru@shinystat.com','rpurrieru@drupal.org','rpurrieru@wired.com','Lengkongbarang',NULL,'Indonesia',NULL,'278-660-7814');
INSERT INTO Sellers(first_name,last_name,email1,email2,email3,city,state,country,zip,phone) VALUES ('Steward','MacTrustrie','smactrustriev@paypal.com','smactrustriev@earthlink.net','smactrustriev@paginegialle.it','Thị Trấn Tam Sơn',NULL,'Vietnam',NULL,'751-372-0901');
INSERT INTO Sellers(first_name,last_name,email1,email2,email3,city,state,country,zip,phone) VALUES ('Duffie','Maddigan','dmaddiganw@jimdo.com','dmaddiganw@elpais.com','dmaddiganw@icio.us','Lameiro','Leiria','Portugal',2425317,'886-614-2320');
INSERT INTO Sellers(first_name,last_name,email1,email2,email3,city,state,country,zip,phone) VALUES ('Dame','Cogan','dcoganx@berkeley.edu','dcoganx@google.com.au','dcoganx@economist.com','Ar Ru’ays',NULL,'Qatar',NULL,'569-782-8274');
INSERT INTO Sellers(first_name,last_name,email1,email2,email3,city,state,country,zip,phone) VALUES ('Olivette','Faye','ofayey@nih.gov','ofayey@xrea.com','ofayey@intel.com','Saint-Jean-de-Monts','Pays de la Loire','France',85164,'430-382-6206');
INSERT INTO Sellers(first_name,last_name,email1,email2,email3,city,state,country,zip,phone) VALUES ('Katha','Webburn','kwebburnz@symantec.com','kwebburnz@last.fm','kwebburnz@paginegialle.it','Fengshan',NULL,'China',NULL,'709-397-6424');
INSERT INTO Sellers(first_name,last_name,email1,email2,email3,city,state,country,zip,phone) VALUES ('Ingamar','Asbrey','iasbrey10@phoca.cz','iasbrey10@behance.net','iasbrey10@vistaprint.com','Floreşti',NULL,'Moldova',5040,'125-373-6989');
INSERT INTO Sellers(first_name,last_name,email1,email2,email3,city,state,country,zip,phone) VALUES ('Marquita','Binder','mbinder11@who.int','mbinder11@mapy.cz','mbinder11@t-online.de','Marseille','Provence-Alpes-Côte d''Azur','France',13348,'816-377-3059');
INSERT INTO Sellers(first_name,last_name,email1,email2,email3,city,state,country,zip,phone) VALUES ('Trudey','Trusty','ttrusty12@cam.ac.uk','ttrusty12@mlb.com','ttrusty12@wisc.edu','Stepove',NULL,'Ukraine',NULL,'328-464-9545');
INSERT INTO Sellers(first_name,last_name,email1,email2,email3,city,state,country,zip,phone) VALUES ('Reese','Rumsey','rrumsey13@stanford.edu','rrumsey13@upenn.edu','rrumsey13@samsung.com','Pinghu',NULL,'China',NULL,'672-615-0362');
INSERT INTO Sellers(first_name,last_name,email1,email2,email3,city,state,country,zip,phone) VALUES ('Micheline','Slocom','mslocom14@google.nl','mslocom14@narod.ru','mslocom14@instagram.com','Gon’ba',NULL,'Russia',656903,'139-980-3171');
INSERT INTO Sellers(first_name,last_name,email1,email2,email3,city,state,country,zip,phone) VALUES ('Matty','Hedon','mhedon15@g.co','mhedon15@google.pl','mhedon15@squarespace.com','Tualangcut',NULL,'Indonesia',NULL,'124-827-4780');
INSERT INTO Sellers(first_name,last_name,email1,email2,email3,city,state,country,zip,phone) VALUES ('Arnuad','Veeler','aveeler16@statcounter.com','aveeler16@list-manage.com','aveeler16@pcworld.com','Wrząsowice',NULL,'Poland',32031,'858-239-7566');
INSERT INTO Sellers(first_name,last_name,email1,email2,email3,city,state,country,zip,phone) VALUES ('Paulie','Goady','pgoady17@nasa.gov','pgoady17@google.de','pgoady17@intel.com','Diapaga',NULL,'Burkina Faso',NULL,'866-314-5519');
INSERT INTO Sellers(first_name,last_name,email1,email2,email3,city,state,country,zip,phone) VALUES ('Reiko','McGrady','rmcgrady18@bluehost.com','rmcgrady18@auda.org.au','rmcgrady18@opensource.org','San Rafael','Michoacan De Ocampo','Mexico',58910,'997-690-7351');
INSERT INTO Sellers(first_name,last_name,email1,email2,email3,city,state,country,zip,phone) VALUES ('Marcy','Dedham','mdedham19@java.com','mdedham19@msu.edu','mdedham19@nationalgeographic.com','Falköping','Västra Götaland','Sweden',52196,'311-692-5515');
INSERT INTO Sellers(first_name,last_name,email1,email2,email3,city,state,country,zip,phone) VALUES ('Ban','Luck','bluck1a@acquirethisname.com','bluck1a@symantec.com','bluck1a@forbes.com','Gongju',NULL,'South Korea',NULL,'231-256-3239');
INSERT INTO Sellers(first_name,last_name,email1,email2,email3,city,state,country,zip,phone) VALUES ('Flo','Cinderey','fcinderey1b@china.com.cn','fcinderey1b@linkedin.com','fcinderey1b@dailymail.co.uk','Gusang',NULL,'China',NULL,'200-939-1286');
INSERT INTO Sellers(first_name,last_name,email1,email2,email3,city,state,country,zip,phone) VALUES ('Tuckie','Santo','tsanto1c@abc.net.au','tsanto1c@google.com.br','tsanto1c@google.com.hk','Flores da Cunha',NULL,'Brazil',95270000,'507-710-4142');
INSERT INTO Sellers(first_name,last_name,email1,email2,email3,city,state,country,zip,phone) VALUES ('Angus','Nias','anias1d@com.com','anias1d@dailymotion.com','anias1d@imdb.com','Punākha',NULL,'Bhutan',NULL,'130-697-2007');

-- Payments
INSERT INTO Payments(total_price,type,orderID,sellerID) VALUES (82.95,'jcb',27,28);
INSERT INTO Payments(total_price,type,orderID,sellerID) VALUES (98.51,'jcb',8,32);
INSERT INTO Payments(total_price,type,orderID,sellerID) VALUES (91.62,'visa-electron',26,38);
INSERT INTO Payments(total_price,type,orderID,sellerID) VALUES (78.79,'jcb',29,45);
INSERT INTO Payments(total_price,type,orderID,sellerID) VALUES (97.99,'jcb',2,12);
INSERT INTO Payments(total_price,type,orderID,sellerID) VALUES (51.44,'mastercard',7,39);
INSERT INTO Payments(total_price,type,orderID,sellerID) VALUES (69.87,'jcb',24,9);
INSERT INTO Payments(total_price,type,orderID,sellerID) VALUES (26.64,'bankcard',21,48);
INSERT INTO Payments(total_price,type,orderID,sellerID) VALUES (17.55,'maestro',26,46);
INSERT INTO Payments(total_price,type,orderID,sellerID) VALUES (41.25,'visa-electron',4,30);
INSERT INTO Payments(total_price,type,orderID,sellerID) VALUES (18.98,'diners-club-carte-blanche',1,24);
INSERT INTO Payments(total_price,type,orderID,sellerID) VALUES (44.97,'bankcard',19,6);
INSERT INTO Payments(total_price,type,orderID,sellerID) VALUES (12.48,'jcb',16,23);
INSERT INTO Payments(total_price,type,orderID,sellerID) VALUES (43.76,'diners-club-enroute',30,22);
INSERT INTO Payments(total_price,type,orderID,sellerID) VALUES (92.56,'bankcard',21,24);
INSERT INTO Payments(total_price,type,orderID,sellerID) VALUES (53.64,'instapayment',1,5);
INSERT INTO Payments(total_price,type,orderID,sellerID) VALUES (57.83,'americanexpress',20,38);
INSERT INTO Payments(total_price,type,orderID,sellerID) VALUES (97.1,'instapayment',4,29);
INSERT INTO Payments(total_price,type,orderID,sellerID) VALUES (44.36,'jcb',7,42);
INSERT INTO Payments(total_price,type,orderID,sellerID) VALUES (87.32,'jcb',22,33);
INSERT INTO Payments(total_price,type,orderID,sellerID) VALUES (53.66,'bankcard',6,2);
INSERT INTO Payments(total_price,type,orderID,sellerID) VALUES (64.2,'jcb',5,4);
INSERT INTO Payments(total_price,type,orderID,sellerID) VALUES (26.87,'bankcard',5,25);
INSERT INTO Payments(total_price,type,orderID,sellerID) VALUES (63.42,'jcb',13,22);
INSERT INTO Payments(total_price,type,orderID,sellerID) VALUES (34.05,'mastercard',1,31);
INSERT INTO Payments(total_price,type,orderID,sellerID) VALUES (89.83,'instapayment',28,19);
INSERT INTO Payments(total_price,type,orderID,sellerID) VALUES (72.97,'jcb',22,27);
INSERT INTO Payments(total_price,type,orderID,sellerID) VALUES (37.84,'mastercard',30,29);
INSERT INTO Payments(total_price,type,orderID,sellerID) VALUES (28.86,'diners-club-enroute',22,8);
INSERT INTO Payments(total_price,type,orderID,sellerID) VALUES (46.58,'diners-club-carte-blanche',29,28);
INSERT INTO Payments(total_price,type,orderID,sellerID) VALUES (27.13,'switch',17,13);
INSERT INTO Payments(total_price,type,orderID,sellerID) VALUES (55.29,'switch',5,30);
INSERT INTO Payments(total_price,type,orderID,sellerID) VALUES (46.73,'maestro',21,23);
INSERT INTO Payments(total_price,type,orderID,sellerID) VALUES (8.71,'bankcard',19,19);
INSERT INTO Payments(total_price,type,orderID,sellerID) VALUES (55.88,'mastercard',3,41);
INSERT INTO Payments(total_price,type,orderID,sellerID) VALUES (73.92,'jcb',23,42);
INSERT INTO Payments(total_price,type,orderID,sellerID) VALUES (65.3,'jcb',21,26);
INSERT INTO Payments(total_price,type,orderID,sellerID) VALUES (43.94,'jcb',7,39);
INSERT INTO Payments(total_price,type,orderID,sellerID) VALUES (82.96,'diners-club-enroute',22,3);
INSERT INTO Payments(total_price,type,orderID,sellerID) VALUES (10.07,'maestro',3,38);
INSERT INTO Payments(total_price,type,orderID,sellerID) VALUES (83.98,'china-unionpay',17,2);
INSERT INTO Payments(total_price,type,orderID,sellerID) VALUES (96.34,'visa-electron',2,27);
INSERT INTO Payments(total_price,type,orderID,sellerID) VALUES (8.4,'jcb',25,49);
INSERT INTO Payments(total_price,type,orderID,sellerID) VALUES (88.57,'jcb',8,9);
INSERT INTO Payments(total_price,type,orderID,sellerID) VALUES (4.67,'jcb',28,29);
INSERT INTO Payments(total_price,type,orderID,sellerID) VALUES (71.46,'mastercard',16,36);
INSERT INTO Payments(total_price,type,orderID,sellerID) VALUES (19.58,'china-unionpay',7,41);
INSERT INTO Payments(total_price,type,orderID,sellerID) VALUES (98.43,'jcb',13,4);
INSERT INTO Payments(total_price,type,orderID,sellerID) VALUES (71.79,'maestro',29,10);
INSERT INTO Payments(total_price,type,orderID,sellerID) VALUES (60.18,'americanexpress',27,44);

-- Products
INSERT INTO Products(unitPrice,product_name,sellerID,descr,picture) VALUES (93.02,'Hatity',27,'Fuzzy White Cotton Sweater perfect for Winter Weather Size XS Women','http://dummyimage.com/189x100.png/5fa2dd/ffffff');
INSERT INTO Products(unitPrice,product_name,sellerID,descr,picture) VALUES (53.91,'Veribet',12,'Fight the rain with this protective yellow jacket that stands out! Size XL Men','http://dummyimage.com/239x100.png/5fa2dd/ffffff');
INSERT INTO Products(unitPrice,product_name,sellerID,descr,picture) VALUES (86.97,'Zaam-Dox',17,'Checkered coat that is very insulated for snowy weather but still classy; Size M Women','http://dummyimage.com/160x100.png/ff4444/ffffff');
INSERT INTO Products(unitPrice,product_name,sellerID,descr,picture) VALUES (21.94,'Andalax',14,'Harry Potter themed Socks, only worn once! Shoe size 6-9 Women','http://dummyimage.com/196x100.png/cc0000/ffffff');
INSERT INTO Products(unitPrice,product_name,sellerID,descr,picture) VALUES (1.53,'Konklab',16,'Purple cozy silk pajamas; Size M Women','http://dummyimage.com/186x100.png/ff4444/ffffff');
INSERT INTO Products(unitPrice,product_name,sellerID,descr,picture) VALUES (69.8,'Wrapsafe',12,'Black Tanktop only worn a couple of times! Perfect for the summer. Size S Women','http://dummyimage.com/157x100.png/ff4444/ffffff');
INSERT INTO Products(unitPrice,product_name,sellerID,descr,picture) VALUES (86.29,'Transcof',28,'Red ACDC Tshirt in perfect condition; Size L Men','http://dummyimage.com/146x100.png/ff4444/ffffff');
INSERT INTO Products(unitPrice,product_name,sellerID,descr,picture) VALUES (5.84,'Alpha',29,'Pink skirt great for interviews in perfect condition; Size L Women','http://dummyimage.com/200x100.png/5fa2dd/ffffff');
INSERT INTO Products(unitPrice,product_name,sellerID,descr,picture) VALUES (73.69,'Lotlux',3,'Size B Black Bra from Pink! Only worn a couple of times.','http://dummyimage.com/173x100.png/ff4444/ffffff');
INSERT INTO Products(unitPrice,product_name,sellerID,descr,picture) VALUES (88.47,'Alpha',1,'Classy black suit perfect for formal events or your next date! Size M Men','http://dummyimage.com/190x100.png/ff4444/ffffff');
INSERT INTO Products(unitPrice,product_name,sellerID,descr,picture) VALUES (97.1,'Zaam-Dox',21,'Bucket hat with whales on it','http://dummyimage.com/180x100.png/5fa2dd/ffffff');
INSERT INTO Products(unitPrice,product_name,sellerID,descr,picture) VALUES (67.74,'Solarbreeze',18,'Pink sparkly scarf','http://dummyimage.com/140x100.png/5fa2dd/ffffff');
INSERT INTO Products(unitPrice,product_name,sellerID,descr,picture) VALUES (83.19,'Mat Lam Tam',7,'White cotton socks pack for men','http://dummyimage.com/203x100.png/cc0000/ffffff');
INSERT INTO Products(unitPrice,product_name,sellerID,descr,picture) VALUES (47.06,'Wrapsafe',5,'Black cargo shorts from American Eagle, go to knee length; Size M Men','http://dummyimage.com/166x100.png/ff4444/ffffff');
INSERT INTO Products(unitPrice,product_name,sellerID,descr,picture) VALUES (77.71,'Stim',8,'Beige formal pants from American Eagle perfect for interviews and formal events; Size M Women','http://dummyimage.com/203x100.png/dddddd/000000');
INSERT INTO Products(unitPrice,product_name,sellerID,descr,picture) VALUES (46.42,'Zamit',28,'Pink blouse only worn a couple of times! Size S Women','http://dummyimage.com/204x100.png/ff4444/ffffff');
INSERT INTO Products(unitPrice,product_name,sellerID,descr,picture) VALUES (37.67,'Konklux',19,'Harry Styles Tour 2022 TShirt, only worn once! Size L Women','http://dummyimage.com/129x100.png/ff4444/ffffff');
INSERT INTO Products(unitPrice,product_name,sellerID,descr,picture) VALUES (35.08,'Andalax',22,'Plaid sweater from Abercrombie; Size L Men','http://dummyimage.com/188x100.png/5fa2dd/ffffff');
INSERT INTO Products(unitPrice,product_name,sellerID,descr,picture) VALUES (38.06,'Greenlam',12,'Low-rise black shorts from Hollister only worn once; Size S Women','http://dummyimage.com/210x100.png/cc0000/ffffff');
INSERT INTO Products(unitPrice,product_name,sellerID,descr,picture) VALUES (50.36,'Ventosanzap',14,'Blue mom jeans from the 1990s! Preserved really well! Size M Women','http://dummyimage.com/190x100.png/dddddd/000000');
INSERT INTO Products(unitPrice,product_name,sellerID,descr,picture) VALUES (99.76,'Zathin',2,'Yellow skirt with loops for belt; Size XL Women','http://dummyimage.com/211x100.png/5fa2dd/ffffff');
INSERT INTO Products(unitPrice,product_name,sellerID,descr,picture) VALUES (21.35,'Alpha',19,'Summery green and white dress with flowers perfect for the summer! Size S Women','http://dummyimage.com/109x100.png/ff4444/ffffff');
INSERT INTO Products(unitPrice,product_name,sellerID,descr,picture) VALUES (17.77,'Redhold',22,'Red and white checkered apron, never worn and in perfect condition!','http://dummyimage.com/149x100.png/ff4444/ffffff');
INSERT INTO Products(unitPrice,product_name,sellerID,descr,picture) VALUES (5.16,'Lotlux',16,'Beige hiking boots worn only once, Shoesize 9 Men','http://dummyimage.com/240x100.png/5fa2dd/ffffff');
INSERT INTO Products(unitPrice,product_name,sellerID,descr,picture) VALUES (50.83,'Kanlam',8,'Black cloak only worn once for Halloween! Perfect for costumes and theatrics.','http://dummyimage.com/184x100.png/dddddd/000000');
INSERT INTO Products(unitPrice,product_name,sellerID,descr,picture) VALUES (72.94,'Wrapsafe',20,'Classy gray menswear scarf','http://dummyimage.com/228x100.png/cc0000/ffffff');
INSERT INTO Products(unitPrice,product_name,sellerID,descr,picture) VALUES (36.79,'Veribet',18,'Simple beige bodysuit only worn a couple of times, unisex','http://dummyimage.com/183x100.png/5fa2dd/ffffff');
INSERT INTO Products(unitPrice,product_name,sellerID,descr,picture) VALUES (44.28,'Duobam',10,'Boston Red Sox Baseball cap, never worn! Size M Kids','http://dummyimage.com/224x100.png/cc0000/ffffff');
INSERT INTO Products(unitPrice,product_name,sellerID,descr,picture) VALUES (25.67,'Tin',25,'Choral swimsuit perfect for a day out in the sun! Size S Girls','http://dummyimage.com/204x100.png/dddddd/000000');
INSERT INTO Products(unitPrice,product_name,sellerID,descr,picture) VALUES (80.85,'Tres-Zap',12,'Denim dress with white stripes; Size M Women','http://dummyimage.com/103x100.png/cc0000/ffffff');
INSERT INTO Products(unitPrice,product_name,sellerID,descr,picture) VALUES (27.2,'Wrapsafe',9,'White blouse only worn a couple of times! Size M Women','http://dummyimage.com/111x100.png/cc0000/ffffff');
INSERT INTO Products(unitPrice,product_name,sellerID,descr,picture) VALUES (63.7,'Holdlamis',45,'Low-rise blue shorts from Hollister only worn once; Size S Women','http://dummyimage.com/225x100.png/cc0000/ffffff');
INSERT INTO Products(unitPrice,product_name,sellerID,descr,picture) VALUES (69.44,'Latlux',25,'White cotton socks pack for women','http://dummyimage.com/178x100.png/cc0000/ffffff');
INSERT INTO Products(unitPrice,product_name,sellerID,descr,picture) VALUES (65.66,'Home Ing',45,'Gray sparkly scarf','http://dummyimage.com/214x100.png/5fa2dd/ffffff');
INSERT INTO Products(unitPrice,product_name,sellerID,descr,picture) VALUES (71.45,'Lotlux',7,'Beige hiking boots worn only twice, Shoesize 9 Women','http://dummyimage.com/141x100.png/dddddd/000000');
INSERT INTO Products(unitPrice,product_name,sellerID,descr,picture) VALUES (41.5,'Subin',19,'Beach bucket hat with turtles on it','http://dummyimage.com/100x100.png/5fa2dd/ffffff');
INSERT INTO Products(unitPrice,product_name,sellerID,descr,picture) VALUES (69.59,'Bitwolf',29,'Blue mom jeans; Size L Women','http://dummyimage.com/185x100.png/ff4444/ffffff');
INSERT INTO Products(unitPrice,product_name,sellerID,descr,picture) VALUES (13.77,'Bitwolf',2,'Size D Beige Bra from Pink! Only worn a couple of times','http://dummyimage.com/124x100.png/dddddd/000000');
INSERT INTO Products(unitPrice,product_name,sellerID,descr,picture) VALUES (31.03,'Vagram',21,'Light pink swimsuit perfect for a day out in the sun! Size M Girls','http://dummyimage.com/136x100.png/cc0000/ffffff');
INSERT INTO Products(unitPrice,product_name,sellerID,descr,picture) VALUES (27.99,'Treeflex',48,'Orange rain jacket perfect for a litle boy; Size M Boys','http://dummyimage.com/221x100.png/ff4444/ffffff');
INSERT INTO Products(unitPrice,product_name,sellerID,descr,picture) VALUES (26.02,'Tampflex',24,'Denim Jacket, Vintage! Unisex','http://dummyimage.com/100x100.png/cc0000/ffffff');
INSERT INTO Products(unitPrice,product_name,sellerID,descr,picture) VALUES (43.39,'Tresom',29,'Denim dress with black stripes; Size L Women','http://dummyimage.com/157x100.png/5fa2dd/ffffff');
INSERT INTO Products(unitPrice,product_name,sellerID,descr,picture) VALUES (63.9,'Namfix',2,'New York Giants Baseball cap, never worn!','http://dummyimage.com/221x100.png/dddddd/000000');
INSERT INTO Products(unitPrice,product_name,sellerID,descr,picture) VALUES (7.15,'Konklab',20,'Cargo pants perfect for a Home Depot excursion; Size L Men','http://dummyimage.com/224x100.png/5fa2dd/ffffff');
INSERT INTO Products(unitPrice,product_name,sellerID,descr,picture) VALUES (83.65,'Span',5,'Green sweater from H&M; Size M Men','http://dummyimage.com/187x100.png/5fa2dd/ffffff');
INSERT INTO Products(unitPrice,product_name,sellerID,descr,picture) VALUES (45.67,'Transcof',46,'Brand new jeans, never worn from Target; Size M Men','http://dummyimage.com/127x100.png/cc0000/ffffff');
INSERT INTO Products(unitPrice,product_name,sellerID,descr,picture) VALUES (8.0,'Hatity',39,'Floral Yellow and White American Eagle dress for formals; Size XS Women','http://dummyimage.com/152x100.png/5fa2dd/ffffff');
INSERT INTO Products(unitPrice,product_name,sellerID,descr,picture) VALUES (18.34,'Trippledex',12,'Gray cotton socks pack for women','http://dummyimage.com/142x100.png/ff4444/ffffff');
INSERT INTO Products(unitPrice,product_name,sellerID,descr,picture) VALUES (34.69,'Asoka',26,'Eccentric black bodysuit only worn a couple of times, unisex','http://dummyimage.com/208x100.png/cc0000/ffffff');
INSERT INTO Products(unitPrice,product_name,sellerID,descr,picture) VALUES (10.01,'Sub-Ex',25,'Black classy skirt, perfect for interviews; Size S Women','http://dummyimage.com/176x100.png/dddddd/000000');


-- carts 
INSERT INTO Cart(customerID,total_price) VALUES (1,42.37);
INSERT INTO Cart(customerID,total_price) VALUES (2,35.05);
INSERT INTO Cart(customerID,total_price) VALUES (3,97.83);
INSERT INTO Cart(customerID,total_price) VALUES (4,93.42);
INSERT INTO Cart(customerID,total_price) VALUES (5,48.68);
INSERT INTO Cart(customerID,total_price) VALUES (6,29.26);
INSERT INTO Cart(customerID,total_price) VALUES (7,24.63);
INSERT INTO Cart(customerID,total_price) VALUES (8,50.03);
INSERT INTO Cart(customerID,total_price) VALUES (9,42.94);
INSERT INTO Cart(customerID,total_price) VALUES (10,65.87);
INSERT INTO Cart(customerID,total_price) VALUES (11,54.17);
INSERT INTO Cart(customerID,total_price) VALUES (12,23.05);
INSERT INTO Cart(customerID,total_price) VALUES (13,87.28);
INSERT INTO Cart(customerID,total_price) VALUES (14,62.56);
INSERT INTO Cart(customerID,total_price) VALUES (15,40.52);
INSERT INTO Cart(customerID,total_price) VALUES (16,97.22);
INSERT INTO Cart(customerID,total_price) VALUES (17,45.03);
INSERT INTO Cart(customerID,total_price) VALUES (18,73.75);
INSERT INTO Cart(customerID,total_price) VALUES (19,26.06);
INSERT INTO Cart(customerID,total_price) VALUES (20,43.26);
INSERT INTO Cart(customerID,total_price) VALUES (21,11.36);
INSERT INTO Cart(customerID,total_price) VALUES (22,5.48);
INSERT INTO Cart(customerID,total_price) VALUES (23,98.98);
INSERT INTO Cart(customerID,total_price) VALUES (24,50.23);
INSERT INTO Cart(customerID,total_price) VALUES (25,43.85);
INSERT INTO Cart(customerID,total_price) VALUES (26,74.99);
INSERT INTO Cart(customerID,total_price) VALUES (27,89.78);
INSERT INTO Cart(customerID,total_price) VALUES (28,14.56);
INSERT INTO Cart(customerID,total_price) VALUES (29,62.91);
INSERT INTO Cart(customerID,total_price) VALUES (30,91.49);
INSERT INTO Cart(customerID,total_price) VALUES (31,24.07);
INSERT INTO Cart(customerID,total_price) VALUES (32,82.35);
INSERT INTO Cart(customerID,total_price) VALUES (33,77.63);
INSERT INTO Cart(customerID,total_price) VALUES (34,33.02);
INSERT INTO Cart(customerID,total_price) VALUES (35,25.23);
INSERT INTO Cart(customerID,total_price) VALUES (36,45.6);
INSERT INTO Cart(customerID,total_price) VALUES (37,19.58);
INSERT INTO Cart(customerID,total_price) VALUES (38,33.2);
INSERT INTO Cart(customerID,total_price) VALUES (39,95.75);
INSERT INTO Cart(customerID,total_price) VALUES (40,58.67);
INSERT INTO Cart(customerID,total_price) VALUES (41,23.23);
INSERT INTO Cart(customerID,total_price) VALUES (42,42.02);
INSERT INTO Cart(customerID,total_price) VALUES (43,42.48);
INSERT INTO Cart(customerID,total_price) VALUES (44,1.98);
INSERT INTO Cart(customerID,total_price) VALUES (45,16.16);
INSERT INTO Cart(customerID,total_price) VALUES (46,21.17);
INSERT INTO Cart(customerID,total_price) VALUES (47,18.77);
INSERT INTO Cart(customerID,total_price) VALUES (48,60.3);
INSERT INTO Cart(customerID,total_price) VALUES (49,20.9);
INSERT INTO Cart(customerID,total_price) VALUES (50,22.23);


-- clothing type
INSERT INTO Clothing_Type(clothing_name,productID) VALUES ('Pajamas',5);
INSERT INTO Clothing_Type(clothing_name,productID) VALUES ('Dress',47);
INSERT INTO Clothing_Type(clothing_name,productID) VALUES ('Bra',9);
INSERT INTO Clothing_Type(clothing_name,productID) VALUES ('Hat',36);
INSERT INTO Clothing_Type(clothing_name,productID) VALUES ('Socks',48);
INSERT INTO Clothing_Type(clothing_name,productID) VALUES ('Dress',22);
INSERT INTO Clothing_Type(clothing_name,productID) VALUES ('Apron',23);
INSERT INTO Clothing_Type(clothing_name,productID) VALUES ('Swimsuit',39);
INSERT INTO Clothing_Type(clothing_name,productID) VALUES ('Scarf',12);
INSERT INTO Clothing_Type(clothing_name,productID) VALUES ('Cloak',25);
INSERT INTO Clothing_Type(clothing_name,productID) VALUES ('Tanktop',6);
INSERT INTO Clothing_Type(clothing_name,productID) VALUES ('Socks',4);
INSERT INTO Clothing_Type(clothing_name,productID) VALUES ('Bodysuit',49);
INSERT INTO Clothing_Type(clothing_name,productID) VALUES ('Scarf',26);
INSERT INTO Clothing_Type(clothing_name,productID) VALUES ('Hat',43);
INSERT INTO Clothing_Type(clothing_name,productID) VALUES ('Shorts',32);
INSERT INTO Clothing_Type(clothing_name,productID) VALUES ('Jeans',46);
INSERT INTO Clothing_Type(clothing_name,productID) VALUES ('Pants',15);
INSERT INTO Clothing_Type(clothing_name,productID) VALUES ('Swimsuit',29);
INSERT INTO Clothing_Type(clothing_name,productID) VALUES ('Shorts',14);
INSERT INTO Clothing_Type(clothing_name,productID) VALUES ('Skirt',50);
INSERT INTO Clothing_Type(clothing_name,productID) VALUES ('Dress',42);
INSERT INTO Clothing_Type(clothing_name,productID) VALUES ('Boots',35);
INSERT INTO Clothing_Type(clothing_name,productID) VALUES ('Bra',38);
INSERT INTO Clothing_Type(clothing_name,productID) VALUES ('Blouse',16);
INSERT INTO Clothing_Type(clothing_name,productID) VALUES ('Skirt',21);
INSERT INTO Clothing_Type(clothing_name,productID) VALUES ('Jeans',20);
INSERT INTO Clothing_Type(clothing_name,productID) VALUES ('Suit',10);
INSERT INTO Clothing_Type(clothing_name,productID) VALUES ('Hat',28);
INSERT INTO Clothing_Type(clothing_name,productID) VALUES ('T-shirt',7);
INSERT INTO Clothing_Type(clothing_name,productID) VALUES ('Boots',24);
INSERT INTO Clothing_Type(clothing_name,productID) VALUES ('Sweater',1);
INSERT INTO Clothing_Type(clothing_name,productID) VALUES ('T-shirt',17);
INSERT INTO Clothing_Type(clothing_name,productID) VALUES ('Scarf',34);
INSERT INTO Clothing_Type(clothing_name,productID) VALUES ('Jacket',40);
INSERT INTO Clothing_Type(clothing_name,productID) VALUES ('Socks',13);
INSERT INTO Clothing_Type(clothing_name,productID) VALUES ('Skirt',8);
INSERT INTO Clothing_Type(clothing_name,productID) VALUES ('Blouse',31);
INSERT INTO Clothing_Type(clothing_name,productID) VALUES ('Coat',3);
INSERT INTO Clothing_Type(clothing_name,productID) VALUES ('Sweater',18);
INSERT INTO Clothing_Type(clothing_name,productID) VALUES ('Shorts',19);
INSERT INTO Clothing_Type(clothing_name,productID) VALUES ('Jacket',41);
INSERT INTO Clothing_Type(clothing_name,productID) VALUES ('Hat',11);
INSERT INTO Clothing_Type(clothing_name,productID) VALUES ('Socks',33);
INSERT INTO Clothing_Type(clothing_name,productID) VALUES ('Jeans',37);
INSERT INTO Clothing_Type(clothing_name,productID) VALUES ('Sweater',45);
INSERT INTO Clothing_Type(clothing_name,productID) VALUES ('Bodysuit',27);
INSERT INTO Clothing_Type(clothing_name,productID) VALUES ('Dress',30);
INSERT INTO Clothing_Type(clothing_name,productID) VALUES ('Pants',44);
INSERT INTO Clothing_Type(clothing_name,productID) VALUES ('Jacket',2);

-- prod_carts
INSERT INTO prod_carts(productID,cartID) VALUES (2,49);
INSERT INTO prod_carts(productID,cartID) VALUES (21,39);
INSERT INTO prod_carts(productID,cartID) VALUES (9,27);
INSERT INTO prod_carts(productID,cartID) VALUES (1,38);
INSERT INTO prod_carts(productID,cartID) VALUES (10,40);
INSERT INTO prod_carts(productID,cartID) VALUES (29,15);
INSERT INTO prod_carts(productID,cartID) VALUES (17,30);
INSERT INTO prod_carts(productID,cartID) VALUES (17,22);
INSERT INTO prod_carts(productID,cartID) VALUES (27,33);
INSERT INTO prod_carts(productID,cartID) VALUES (16,14);
INSERT INTO prod_carts(productID,cartID) VALUES (19,1);
INSERT INTO prod_carts(productID,cartID) VALUES (26,40);
INSERT INTO prod_carts(productID,cartID) VALUES (1,24);
INSERT INTO prod_carts(productID,cartID) VALUES (30,47);
INSERT INTO prod_carts(productID,cartID) VALUES (7,24);
INSERT INTO prod_carts(productID,cartID) VALUES (3,5);
INSERT INTO prod_carts(productID,cartID) VALUES (30,49);
INSERT INTO prod_carts(productID,cartID) VALUES (10,42);
INSERT INTO prod_carts(productID,cartID) VALUES (18,13);
INSERT INTO prod_carts(productID,cartID) VALUES (17,37);
INSERT INTO prod_carts(productID,cartID) VALUES (6,22);
INSERT INTO prod_carts(productID,cartID) VALUES (13,43);
INSERT INTO prod_carts(productID,cartID) VALUES (11,4);
INSERT INTO prod_carts(productID,cartID) VALUES (23,41);
INSERT INTO prod_carts(productID,cartID) VALUES (27,3);
INSERT INTO prod_carts(productID,cartID) VALUES (5,40);
INSERT INTO prod_carts(productID,cartID) VALUES (17,45);
INSERT INTO prod_carts(productID,cartID) VALUES (4,20);
INSERT INTO prod_carts(productID,cartID) VALUES (4,14);
INSERT INTO prod_carts(productID,cartID) VALUES (28,13);
INSERT INTO prod_carts(productID,cartID) VALUES (26,48);
INSERT INTO prod_carts(productID,cartID) VALUES (2,8);
INSERT INTO prod_carts(productID,cartID) VALUES (13,21);
INSERT INTO prod_carts(productID,cartID) VALUES (11,43);
INSERT INTO prod_carts(productID,cartID) VALUES (5,46);
INSERT INTO prod_carts(productID,cartID) VALUES (21,40);
INSERT INTO prod_carts(productID,cartID) VALUES (24,12);
INSERT INTO prod_carts(productID,cartID) VALUES (26,10);
INSERT INTO prod_carts(productID,cartID) VALUES (17,26);
INSERT INTO prod_carts(productID,cartID) VALUES (23,42);
INSERT INTO prod_carts(productID,cartID) VALUES (27,45);
INSERT INTO prod_carts(productID,cartID) VALUES (15,14);
INSERT INTO prod_carts(productID,cartID) VALUES (11,9);
INSERT INTO prod_carts(productID,cartID) VALUES (9,43);
INSERT INTO prod_carts(productID,cartID) VALUES (15,25);
INSERT INTO prod_carts(productID,cartID) VALUES (25,23);
INSERT INTO prod_carts(productID,cartID) VALUES (20,18);
INSERT INTO prod_carts(productID,cartID) VALUES (21,14);
INSERT INTO prod_carts(productID,cartID) VALUES (3,49);
INSERT INTO prod_carts(productID,cartID) VALUES (28,18);
INSERT INTO prod_carts(productID,cartID) VALUES (18,28);
INSERT INTO prod_carts(productID,cartID) VALUES (13,49);
INSERT INTO prod_carts(productID,cartID) VALUES (16,29);
INSERT INTO prod_carts(productID,cartID) VALUES (29,41);
INSERT INTO prod_carts(productID,cartID) VALUES (10,32);
INSERT INTO prod_carts(productID,cartID) VALUES (17,2);
INSERT INTO prod_carts(productID,cartID) VALUES (26,28);
INSERT INTO prod_carts(productID,cartID) VALUES (28,39);
INSERT INTO prod_carts(productID,cartID) VALUES (30,1);
INSERT INTO prod_carts(productID,cartID) VALUES (6,4);
INSERT INTO prod_carts(productID,cartID) VALUES (15,22);
INSERT INTO prod_carts(productID,cartID) VALUES (2,6);
INSERT INTO prod_carts(productID,cartID) VALUES (14,10);
INSERT INTO prod_carts(productID,cartID) VALUES (28,43);
INSERT INTO prod_carts(productID,cartID) VALUES (8,38);
INSERT INTO prod_carts(productID,cartID) VALUES (14,4);
INSERT INTO prod_carts(productID,cartID) VALUES (6,15);
INSERT INTO prod_carts(productID,cartID) VALUES (4,27);
INSERT INTO prod_carts(productID,cartID) VALUES (24,49);
INSERT INTO prod_carts(productID,cartID) VALUES (20,24);
INSERT INTO prod_carts(productID,cartID) VALUES (8,15);
INSERT INTO prod_carts(productID,cartID) VALUES (18,49);
INSERT INTO prod_carts(productID,cartID) VALUES (29,16);
INSERT INTO prod_carts(productID,cartID) VALUES (7,7);
INSERT INTO prod_carts(productID,cartID) VALUES (1,47);
INSERT INTO prod_carts(productID,cartID) VALUES (17,46);
INSERT INTO prod_carts(productID,cartID) VALUES (23,29);
INSERT INTO prod_carts(productID,cartID) VALUES (25,3);
INSERT INTO prod_carts(productID,cartID) VALUES (12,15);
INSERT INTO prod_carts(productID,cartID) VALUES (20,4);
INSERT INTO prod_carts(productID,cartID) VALUES (21,41);
INSERT INTO prod_carts(productID,cartID) VALUES (5,22);
INSERT INTO prod_carts(productID,cartID) VALUES (6,8);
INSERT INTO prod_carts(productID,cartID) VALUES (2,30);
INSERT INTO prod_carts(productID,cartID) VALUES (24,4);
INSERT INTO prod_carts(productID,cartID) VALUES (19,20);
INSERT INTO prod_carts(productID,cartID) VALUES (29,24);
INSERT INTO prod_carts(productID,cartID) VALUES (8,16);
INSERT INTO prod_carts(productID,cartID) VALUES (4,46);
INSERT INTO prod_carts(productID,cartID) VALUES (20,9);
INSERT INTO prod_carts(productID,cartID) VALUES (5,34);
INSERT INTO prod_carts(productID,cartID) VALUES (11,5);
INSERT INTO prod_carts(productID,cartID) VALUES (26,26);
INSERT INTO prod_carts(productID,cartID) VALUES (19,18);
INSERT INTO prod_carts(productID,cartID) VALUES (29,22);
INSERT INTO prod_carts(productID,cartID) VALUES (12,49);
INSERT INTO prod_carts(productID,cartID) VALUES (16,23);
INSERT INTO prod_carts(productID,cartID) VALUES (10,28);
INSERT INTO prod_carts(productID,cartID) VALUES (1,40);
INSERT INTO prod_carts(productID,cartID) VALUES (22,48);
INSERT INTO prod_carts(productID,cartID) VALUES (20,37);
INSERT INTO prod_carts(productID,cartID) VALUES (27,27);
INSERT INTO prod_carts(productID,cartID) VALUES (30,32);
INSERT INTO prod_carts(productID,cartID) VALUES (6,17);
INSERT INTO prod_carts(productID,cartID) VALUES (25,49);
INSERT INTO prod_carts(productID,cartID) VALUES (1,18);
INSERT INTO prod_carts(productID,cartID) VALUES (15,20);
INSERT INTO prod_carts(productID,cartID) VALUES (18,7);
INSERT INTO prod_carts(productID,cartID) VALUES (3,23);
INSERT INTO prod_carts(productID,cartID) VALUES (12,10);
INSERT INTO prod_carts(productID,cartID) VALUES (4,28);
INSERT INTO prod_carts(productID,cartID) VALUES (23,8);
INSERT INTO prod_carts(productID,cartID) VALUES (26,9);
INSERT INTO prod_carts(productID,cartID) VALUES (5,25);
INSERT INTO prod_carts(productID,cartID) VALUES (10,33);
INSERT INTO prod_carts(productID,cartID) VALUES (28,19);
INSERT INTO prod_carts(productID,cartID) VALUES (23,47);
INSERT INTO prod_carts(productID,cartID) VALUES (14,20);
INSERT INTO prod_carts(productID,cartID) VALUES (9,19);
INSERT INTO prod_carts(productID,cartID) VALUES (25,48);
INSERT INTO prod_carts(productID,cartID) VALUES (17,27);
INSERT INTO prod_carts(productID,cartID) VALUES (16,4);
INSERT INTO prod_carts(productID,cartID) VALUES (7,43);
INSERT INTO prod_carts(productID,cartID) VALUES (13,24);
INSERT INTO prod_carts(productID,cartID) VALUES (1,16);
INSERT INTO prod_carts(productID,cartID) VALUES (21,2);
INSERT INTO prod_carts(productID,cartID) VALUES (3,48);
INSERT INTO prod_carts(productID,cartID) VALUES (19,36);
INSERT INTO prod_carts(productID,cartID) VALUES (26,14);
INSERT INTO prod_carts(productID,cartID) VALUES (29,31);
INSERT INTO prod_carts(productID,cartID) VALUES (1,9);
INSERT INTO prod_carts(productID,cartID) VALUES (11,40);
INSERT INTO prod_carts(productID,cartID) VALUES (13,5);
INSERT INTO prod_carts(productID,cartID) VALUES (15,50);
INSERT INTO prod_carts(productID,cartID) VALUES (1,22);
INSERT INTO prod_carts(productID,cartID) VALUES (5,10);
INSERT INTO prod_carts(productID,cartID) VALUES (3,21);
INSERT INTO prod_carts(productID,cartID) VALUES (26,35);
INSERT INTO prod_carts(productID,cartID) VALUES (13,44);
INSERT INTO prod_carts(productID,cartID) VALUES (14,49);
INSERT INTO prod_carts(productID,cartID) VALUES (21,26);
INSERT INTO prod_carts(productID,cartID) VALUES (30,37);
INSERT INTO prod_carts(productID,cartID) VALUES (29,17);
INSERT INTO prod_carts(productID,cartID) VALUES (9,2);
INSERT INTO prod_carts(productID,cartID) VALUES (7,20);
INSERT INTO prod_carts(productID,cartID) VALUES (27,1);
INSERT INTO prod_carts(productID,cartID) VALUES (2,31);
INSERT INTO prod_carts(productID,cartID) VALUES (22,18);
INSERT INTO prod_carts(productID,cartID) VALUES (4,34);
INSERT INTO prod_carts(productID,cartID) VALUES (23,3);

-- prod_order
INSERT INTO prod_order(productID,orderID) VALUES (30,28);
INSERT INTO prod_order(productID,orderID) VALUES (22,18);
INSERT INTO prod_order(productID,orderID) VALUES (1,10);
INSERT INTO prod_order(productID,orderID) VALUES (5,27);
INSERT INTO prod_order(productID,orderID) VALUES (26,9);
INSERT INTO prod_order(productID,orderID) VALUES (29,11);
INSERT INTO prod_order(productID,orderID) VALUES (4,7);
INSERT INTO prod_order(productID,orderID) VALUES (27,15);
INSERT INTO prod_order(productID,orderID) VALUES (11,3);
INSERT INTO prod_order(productID,orderID) VALUES (2,13);
INSERT INTO prod_order(productID,orderID) VALUES (13,21);
INSERT INTO prod_order(productID,orderID) VALUES (17,26);
INSERT INTO prod_order(productID,orderID) VALUES (12,24);
INSERT INTO prod_order(productID,orderID) VALUES (25,6);
INSERT INTO prod_order(productID,orderID) VALUES (16,12);
INSERT INTO prod_order(productID,orderID) VALUES (8,25);
INSERT INTO prod_order(productID,orderID) VALUES (15,29);
INSERT INTO prod_order(productID,orderID) VALUES (28,4);
INSERT INTO prod_order(productID,orderID) VALUES (20,20);
INSERT INTO prod_order(productID,orderID) VALUES (9,2);
INSERT INTO prod_order(productID,orderID) VALUES (18,23);
INSERT INTO prod_order(productID,orderID) VALUES (3,22);
INSERT INTO prod_order(productID,orderID) VALUES (21,14);
INSERT INTO prod_order(productID,orderID) VALUES (6,5);
INSERT INTO prod_order(productID,orderID) VALUES (14,9);
INSERT INTO prod_order(productID,orderID) VALUES (7,30);
INSERT INTO prod_order(productID,orderID) VALUES (24,16);
INSERT INTO prod_order(productID,orderID) VALUES (10,19);
INSERT INTO prod_order(productID,orderID) VALUES (19,1);
INSERT INTO prod_order(productID,orderID) VALUES (23,17);
INSERT INTO prod_order(productID,orderID) VALUES (6,24);
INSERT INTO prod_order(productID,orderID) VALUES (29,1);
INSERT INTO prod_order(productID,orderID) VALUES (28,6);
INSERT INTO prod_order(productID,orderID) VALUES (1,11);
INSERT INTO prod_order(productID,orderID) VALUES (15,10);
INSERT INTO prod_order(productID,orderID) VALUES (16,13);
INSERT INTO prod_order(productID,orderID) VALUES (22,21);
INSERT INTO prod_order(productID,orderID) VALUES (14,8);
INSERT INTO prod_order(productID,orderID) VALUES (12,29);
INSERT INTO prod_order(productID,orderID) VALUES (21,22);
INSERT INTO prod_order(productID,orderID) VALUES (9,17);
INSERT INTO prod_order(productID,orderID) VALUES (7,2);
INSERT INTO prod_order(productID,orderID) VALUES (24,3);
INSERT INTO prod_order(productID,orderID) VALUES (13,7);
INSERT INTO prod_order(productID,orderID) VALUES (11,18);
INSERT INTO prod_order(productID,orderID) VALUES (3,27);
INSERT INTO prod_order(productID,orderID) VALUES (10,16);
INSERT INTO prod_order(productID,orderID) VALUES (17,9);
INSERT INTO prod_order(productID,orderID) VALUES (2,5);
INSERT INTO prod_order(productID,orderID) VALUES (25,25);
INSERT INTO prod_order(productID,orderID) VALUES (19,28);
INSERT INTO prod_order(productID,orderID) VALUES (18,24);
INSERT INTO prod_order(productID,orderID) VALUES (23,14);
INSERT INTO prod_order(productID,orderID) VALUES (20,15);
INSERT INTO prod_order(productID,orderID) VALUES (5,30);
INSERT INTO prod_order(productID,orderID) VALUES (30,19);
INSERT INTO prod_order(productID,orderID) VALUES (4,12);
INSERT INTO prod_order(productID,orderID) VALUES (8,20);
INSERT INTO prod_order(productID,orderID) VALUES (26,4);
INSERT INTO prod_order(productID,orderID) VALUES (27,26);
INSERT INTO prod_order(productID,orderID) VALUES (7,3);
INSERT INTO prod_order(productID,orderID) VALUES (6,1);
INSERT INTO prod_order(productID,orderID) VALUES (26,19);
INSERT INTO prod_order(productID,orderID) VALUES (19,22);
INSERT INTO prod_order(productID,orderID) VALUES (3,26);
INSERT INTO prod_order(productID,orderID) VALUES (29,14);
INSERT INTO prod_order(productID,orderID) VALUES (15,8);
INSERT INTO prod_order(productID,orderID) VALUES (11,13);
INSERT INTO prod_order(productID,orderID) VALUES (28,2);
INSERT INTO prod_order(productID,orderID) VALUES (23,30);
INSERT INTO prod_order(productID,orderID) VALUES (21,6);
INSERT INTO prod_order(productID,orderID) VALUES (14,4);
INSERT INTO prod_order(productID,orderID) VALUES (12,7);
INSERT INTO prod_order(productID,orderID) VALUES (27,24);
INSERT INTO prod_order(productID,orderID) VALUES (30,20);
INSERT INTO prod_order(productID,orderID) VALUES (13,12);
INSERT INTO prod_order(productID,orderID) VALUES (22,22);
INSERT INTO prod_order(productID,orderID) VALUES (9,28);
INSERT INTO prod_order(productID,orderID) VALUES (4,29);
INSERT INTO prod_order(productID,orderID) VALUES (25,27);
INSERT INTO prod_order(productID,orderID) VALUES (10,25);
INSERT INTO prod_order(productID,orderID) VALUES (1,12);
INSERT INTO prod_order(productID,orderID) VALUES (16,10);
INSERT INTO prod_order(productID,orderID) VALUES (24,5);
INSERT INTO prod_order(productID,orderID) VALUES (17,18);
INSERT INTO prod_order(productID,orderID) VALUES (5,17);
INSERT INTO prod_order(productID,orderID) VALUES (8,15);
INSERT INTO prod_order(productID,orderID) VALUES (20,9);
INSERT INTO prod_order(productID,orderID) VALUES (2,23);
INSERT INTO prod_order(productID,orderID) VALUES (18,16);
INSERT INTO prod_order(productID,orderID) VALUES (1,21);
INSERT INTO prod_order(productID,orderID) VALUES (8,30);
INSERT INTO prod_order(productID,orderID) VALUES (16,23);
INSERT INTO prod_order(productID,orderID) VALUES (24,20);
INSERT INTO prod_order(productID,orderID) VALUES (25,16);
INSERT INTO prod_order(productID,orderID) VALUES (5,8);
INSERT INTO prod_order(productID,orderID) VALUES (12,10);
INSERT INTO prod_order(productID,orderID) VALUES (14,26);
INSERT INTO prod_order(productID,orderID) VALUES (15,6);
INSERT INTO prod_order(productID,orderID) VALUES (23,24);
INSERT INTO prod_order(productID,orderID) VALUES (18,29);
INSERT INTO prod_order(productID,orderID) VALUES (26,11);
INSERT INTO prod_order(productID,orderID) VALUES (3,19);
INSERT INTO prod_order(productID,orderID) VALUES (7,12);
INSERT INTO prod_order(productID,orderID) VALUES (2,27);
INSERT INTO prod_order(productID,orderID) VALUES (9,25);
INSERT INTO prod_order(productID,orderID) VALUES (27,18);
INSERT INTO prod_order(productID,orderID) VALUES (11,1);
INSERT INTO prod_order(productID,orderID) VALUES (19,9);
INSERT INTO prod_order(productID,orderID) VALUES (20,2);
INSERT INTO prod_order(productID,orderID) VALUES (17,15);
INSERT INTO prod_order(productID,orderID) VALUES (30,3);
INSERT INTO prod_order(productID,orderID) VALUES (10,7);
INSERT INTO prod_order(productID,orderID) VALUES (13,5);
INSERT INTO prod_order(productID,orderID) VALUES (28,17);
INSERT INTO prod_order(productID,orderID) VALUES (4,28);
INSERT INTO prod_order(productID,orderID) VALUES (22,4);
INSERT INTO prod_order(productID,orderID) VALUES (21,23);
INSERT INTO prod_order(productID,orderID) VALUES (6,14);
INSERT INTO prod_order(productID,orderID) VALUES (29,13);
INSERT INTO prod_order(productID,orderID) VALUES (13,11);
INSERT INTO prod_order(productID,orderID) VALUES (22,3);
INSERT INTO prod_order(productID,orderID) VALUES (4,30);
INSERT INTO prod_order(productID,orderID) VALUES (16,1);
INSERT INTO prod_order(productID,orderID) VALUES (27,25);
INSERT INTO prod_order(productID,orderID) VALUES (5,16);
INSERT INTO prod_order(productID,orderID) VALUES (12,9);
INSERT INTO prod_order(productID,orderID) VALUES (3,14);
INSERT INTO prod_order(productID,orderID) VALUES (11,8);
INSERT INTO prod_order(productID,orderID) VALUES (20,13);
INSERT INTO prod_order(productID,orderID) VALUES (19,20);
INSERT INTO prod_order(productID,orderID) VALUES (25,19);
INSERT INTO prod_order(productID,orderID) VALUES (30,27);
INSERT INTO prod_order(productID,orderID) VALUES (14,7);
INSERT INTO prod_order(productID,orderID) VALUES (7,23);
INSERT INTO prod_order(productID,orderID) VALUES (15,5);
INSERT INTO prod_order(productID,orderID) VALUES (9,15);
INSERT INTO prod_order(productID,orderID) VALUES (1,22);
INSERT INTO prod_order(productID,orderID) VALUES (21,30);
INSERT INTO prod_order(productID,orderID) VALUES (28,28);
INSERT INTO prod_order(productID,orderID) VALUES (23,25);
INSERT INTO prod_order(productID,orderID) VALUES (24,26);
INSERT INTO prod_order(productID,orderID) VALUES (26,6);
INSERT INTO prod_order(productID,orderID) VALUES (2,4);
INSERT INTO prod_order(productID,orderID) VALUES (29,12);
INSERT INTO prod_order(productID,orderID) VALUES (10,10);
INSERT INTO prod_order(productID,orderID) VALUES (18,17);
INSERT INTO prod_order(productID,orderID) VALUES (6,2);
INSERT INTO prod_order(productID,orderID) VALUES (17,22);
INSERT INTO prod_order(productID,orderID) VALUES (8,18);

